category,status,title,price,nickname,date
가공식품_비음료,판매,내몸에 흑염소 진80mlX30포 6박스180포 선물 받은거 안먹어서 판매 무료배송,"83,500",집안살림 정리중임,20:37
가공식품_비음료,판매,홍삼엔 건강세상 30포x6박스 180포 쇼핑백포함 안먹어서 저렴히 판매. 6만원 무료배송,"60,000",모르면연락하지마세요,20:26
가공식품_비음료,판매,"생유산균 5,000원 택배외 불가 30개 선물 받은거 다 못 먹어서 판매함","5,000",모르면연락하지마세요,20:25
가공식품_비음료,판매,소금공장 히말라야 핑크소금 380g,"4,000",딘슨이네,18:31
가공식품_비음료,판매,녹용 홍삼진 30포 X5박스 150포 선물 받은거 판매,"84,000",택배외불가,18:27
가공식품_비음료,판매(안전),지리산 벌집꿀 240g 2통,"35,000",스콘앤크림,16:01
가공식품_비음료,판매(안전),스타벅스 굿포유 플라워 버터쿠키 틴세트 쇼핑백 선물 디저트 스낵 간식,"20,000",Lㅏ라,15:36
가공식품_비음료,판매(안전),미디팜 건망고 팝니다,"4,000",꼬마 하루,15:32
가공식품_비음료,판매(안전),아르망디골드750ml 팝니다,"340,000",dnflslove,15:02
가공식품_비음료,판매,정관장 에브리타임 세븐베리/배/한라봉 플레이버 총 30포,"45,000",다스z,14:35
가공식품_비음료,판매,라뜰리에 루터스 누가크래커,"17,000",늅늅,13:43
가공식품_비음료,완료,"에이밍마켓 밍모스, 쿠키 등","5,000",문마라탕,13:17
가공식품_비음료,판매,바이탈뷰티 슈퍼에센셜 28개입 콜라겐바이탈뷰티 슈퍼에센셜 28개입 콜라겐,"55,000",요호,12:47
가공식품_비음료,판매(안전),"미개봉)정관장 아이패스 F 포커싱(수험생,학생 영양제)","120,000",Q리프트,11:42
가공식품_비음료,판매(안전),고급커피원두-엘 인헤르토 커피,"30,000",juneh,06:20
가공식품_비음료,완료,고급커피원두-파나마 게이샤 MB 그린팁 W 커피,"35,000",juneh,06:18
가공식품_비음료,판매,김오곤 영묘사향단3.75g x100환 3박스 침향27%선물 받은거 3박스 가격 무료배송 택배외불가,"84,500",집안살림 정리중임,2025.06.01.
가공식품_비음료,완료,두바이초코렛,"150,000",qusdnfka,2025.06.01.
가공식품_비음료,판매,신비 복숭아 :) 곧 오픈 합니다 천도복숭아 /털복숭아 / 썬프레,"20,000",songyeonghu,2025.06.01.
가공식품_비음료,판매,(미국 직구) 치토스 할라피뇨.도리토스 쿨랜치,"10,000",dlwnsvy13,2025.06.01.
가공식품_비음료,판매,뉴케어 구수한맛,"30,000",kimhj5461,2025.06.01.
가공식품_비음료,판매,플라이밀 스타터팩(9개),"24,000",스너글ㄹ,2025.06.01.
가공식품_비음료,판매,녹용 홍삼진 30포 X5박스 150포 선물 받은거 판매,"84,000",택배외불가,2025.06.01.
가공식품_비음료,판매(안전),(새상품) 은성식품 5종 수연소면 국수 선물세트,"20,000",단정한공간,2025.06.01.
가공식품_비음료,판매,뉴케어 ibd아미노,"40,000",러블리썬,2025.06.01.
가공식품_비음료,판매,아뉴어 레티놀워터 (14개입*3박스),"70,000",Zzomange,2025.06.01.
가공식품_비음료,판매,[새상품] 셀렉스 프로틴 락토프리 플러스 608g 단백질 파우더,"26,000",다스z,2025.05.31.
가공식품_비음료,판매,백세 홍삼진 70ml 30포 5박스 열많아서 못먹어서 판매함,"84,000",사기구분못함연락사절,2025.05.31.
가공식품_비음료,판매,(새제품) 슈퍼말차 퓨어포켓,"8,000",붕어빵좋앙,2025.05.31.
가공식품_비음료,판매,홍삼엔 건강세상 30포x6박스 180포 쇼핑백포함 안먹어서 저렴히 판매. 6만원 무료배송,"60,000",모르면연락하지마세요,2025.05.31.
가공식품_비음료,판매,"생유산균 5,000원 택배외 불가 30개 선물 받은거 다 못 먹어서 판매함","5,000",모르면연락하지마세요,2025.05.31.
가공식품_비음료,완료,농심 육개장 사발면 30개 1.6만원 판매합니다,"16,000",부산정다운,2025.05.31.
가공식품_비음료,판매,녹용 홍삼진 30포 X5박스 150포 선물 받은거 판매,"84,000",택배외불가,2025.05.31.
가공식품_비음료,판매(안전),코코호도 코코너츠,"15,000",aaaienn,2025.05.31.
가공식품_비음료,판매(안전),두바이 픽스 초콜릿 정품 전국 최저가 택배가능,"48,000",qusdnfka,2025.05.31.
가공식품_비음료,판매,녹차원 고려 홍삼차 50티백 미개봉 새상품 7천원에 팝니다,"7,000",따랑이사랑해,2025.05.31.
가공식품_비음료,판매,플라이밀,"39,000",스너글ㄹ,2025.05.31.
가공식품_비음료,판매,육개장 사발면 30개,"18,000",표이,2025.05.31.
가공식품_비음료,완료,맥심 모카골드,"10,000",미르맥스,2025.05.31.
가공식품_비음료,판매,일본 북해도 한정 스노우치즈 쿠키,"12,345",rijsb,2025.05.31.
가공식품_비음료,완료,해표 올리브유 900ml 3개,"10,000",미르맥스,2025.05.31.
가공식품_비음료,판매,와일드허니 목청꿀,"110,000",삼천세계피의바다,2025.05.31.
가공식품_비음료,판매(안전),수제바닐라익스트랙,"30,000",아자,2025.05.31.
가공식품_비음료,판매,르꼬르망 서리태,"65,000",tkfkdgo2717,2025.05.31.
가공식품_음료,판매,연습용 원두 팝니다.,"9,000",opopwasd,20:12
가공식품_음료,판매(안전),뉴케어 검은깨 완전균형영양식 200ml 60개,"59,000",lyjo****,19:44
가공식품_음료,판매(안전),새상품 500g 원두데일리 구수하고마 새상품 이에요. 홀빈 원두 커피(개당가격),"9,000",12,19:41
가공식품_음료,판매,티젠 콤부차 10종 세트 100포,"25,000",이집트prince,18:45
가공식품_음료,판매,퍼니트 애플사이다비니거 3박스 (90포),"24,000",이집트prince,18:45
가공식품_음료,판매,퍼니트 콤부차 3종 세트 (파인애플/레몬/ 피치) 90포,"16,000",이집트prince,18:45
가공식품_음료,판매,레미 마틴 xo 판매해요,"150,000",dawnstar09,17:23
가공식품_음료,판매,차마루 정읍 쌍화차 100ml x 20포 + 밤고명 40g x 10개 (선물세트),"35,000",스윗바질 티,16:41
가공식품_음료,판매,맥심 모카골드 커피믹스 210T + 170T,"50,000",그날을잊지말자,16:08
가공식품_음료,판매(안전),하준맘 보람차 60포 택포 8만,"80,000",talkinrany,15:38
가공식품_음료,판매,숙취엔벌나무 20포,"30,000",졸려 s2,15:09
가공식품_음료,판매(안전),바이리브 레사비 삽니다,"10,000",Thatlzkdzn,14:33
가공식품_음료,판매(안전),발렌타인30년 관심있으신분,"550,000",진주통영마산,12:24
가공식품_음료,판매(안전),🙆‍♂️흑염소즙의진실..알고 드세요~민물류즙일체🙆‍♂️,"150,000",건강명가,12:14
가공식품_음료,판매,"스포츠음료, 눈 영양","10,000",오일육,11:42
가공식품_음료,판매(안전),뉴케어 구수한맛 200ml + 검은깨 영양식 200ml 60팩,"59,000",lyjo****,11:30
가공식품_음료,판매(안전),발렌30년 관심있는분,"1,111,111",gkssla787,11:18
가공식품_음료,예약중,[HK이노엔] 컨디션 헛개 100ml 10개,"20,000",충남사람임,11:00
가공식품_음료,판매,진도농협 발효 구기자진액 골드,"110,000",삼천세계피의바다,10:58
가공식품_음료,판매,[서울대 밥스누] 오리지널 약콩두유 190ml(16팩) 2박스(총 32팩),"23,000",충남사람임,10:55
가공식품_음료,판매,집중력이 떨어질땐 천연카페인 이롬 아미노 에너지샷 모로오렌지 저렴히 팝니다 보충제 각성제 몬스터,"11,111",lamlamlam77,10:51
가공식품_음료,판매(안전),칸타타 파우치 헤이즐넛향 아메리카노 1박스(10개) 싸게 팝니다.,"6,000",제플리온,10:05
가공식품_음료,판매,메드인USA마틴슨 콜롬비아 커피 캡슐입니다,"100,000",meumc,09:55
가공식품_음료,판매(안전),더단백 초코/커피/딸기 50개 6만원 판매(택배비 포함),"60,000",ljw7390,08:20
가공식품_음료,판매,키온프로틴 딸기맛,"18,000",강쥐세상,05:32
가공식품_음료,판매,정쉐이크 7개입 판매합니다,"30,000",pjy8****,00:47
가공식품_음료,판매,발렌30년,"1,234,555",쿨거래도아,2025.06.01.
가공식품_음료,판매(안전),글루컷 오르조 워터 21포 판매합니다,"18,000",vipshana,2025.06.01.
가공식품_음료,판매,카발란 마데이라 풀박스 공병,"3,900",데니스s,2025.06.01.
가공식품_음료,판매,카발란 비노 바리끄 풀박스 공병,"2,900",데니스s,2025.06.01.
가공식품_음료,판매,코카콜라 파워에이드 마운틴블라스트 355ml 20개,"12,000",세잎이ㅣ,2025.06.01.
가공식품_음료,판매,사과당 애플 밀크티 500ML*12개,"13,000",ipisces,2025.06.01.
가공식품_음료,판매,에너지스쿱 위드링크러브 오리지널,"165,000",capirris,2025.06.01.
가공식품_음료,판매(안전),🙆‍♂️흑염소즙의진실..알고 드세요~민물류즙일체🙆‍♂️,"150,000",건강명가,2025.06.01.
가공식품_음료,판매,양쥐언니 밀당티 2박스 (반값택포),"36,000",비매너에눌은차단,2025.06.01.
가공식품_음료,판매,TWG 그랜드 테이스터 콜렉션 새제품,"55,000",앨리스19,2025.06.01.
가공식품_음료,완료,뉴케어 구수한맛 200ml + 검은깨 영양식 200ml 60팩,"59,000",lyjo****,2025.06.01.
가공식품_음료,판매,샘표 순작 과일허브티 애플시나몬/청귤차/산딸기차/유자블라썸/납작복숭아차 5종 일괄(반택포함),"20,000",하얀나무,2025.06.01.
가공식품_음료,완료,새상품 500g 원두데일리 구수하고마 새상품 이에요. 홀빈 원두 커피(개당가격),"9,000",12,2025.06.01.
가공식품_음료,판매(안전),바샤커피 라고아 커피 드립백 12g 10개입+쇼핑백,"25,000",부리부리대마왕납시오,2025.06.01.
가공식품_음료,판매(안전),"무인카페 꿀밤라떼파우더, 토피넛라떼파우더, 슈크림파우더 필요하신분! 새거!! 중고!","5,000",마이쮸망고,2025.06.01.
가공식품_음료,판매,일리스틱 카페라떼 & 카페라떼디카페인,"5,500",지니,2025.06.01.
가공식품_음료,판매,03년 맹해 숙차 1개 판매합니다,"30,000",yeiE2,2025.06.01.
가공식품_음료,판매,흑삼진액 저렴히 내놓아요,"40,000",dongsub77,2025.06.01.
가공식품_음료,판매(안전),(새상품) 영국 푸카 허브차 민트티 티백세트,"10,000",단정한공간,2025.06.01.
가공식품_음료,판매,[새상품|택포] 바샤커피 오토그래프 나이트 인 베니스 커피 원두 (분쇄) 350g [원산지:싱가포르],"80,000",풍뎅이,2025.06.01.
가공식품_음료,판매,카누 바리스타 전용캡슐 보관함(타워형&스텐드형) 구합니다.,"2,000",현이와 신데렐라,2025.06.01.
가공식품_음료,판매,"마리아쥬프레르 마르코폴로,캐모마일 티백","30,000",wind1500,2025.06.01.
가공식품_음료,판매,시쿠탱 커피,"19,000",coco5959,2025.06.01.
가공식품_음료,판매,키온프로틴 딸기맛,"18,000",강쥐세상,2025.06.01.
가공식품_음료,판매,호두 아몬드 율무차 18g 50개입 2박스(총 100개),"23,000",충남사람임,2025.06.01.
가공식품_음료,판매,담터 생강차 공짜로 드립니다.,"2,000",알꺼음따,2025.05.31.
가공식품_음료,판매(안전),산모로티 붓기 다이어트 차 (미개봉),"33,000",아긔퍼피,2025.05.31.
가공식품_음료,판매(안전),스타벅스 프리퀀시 일반(거래완료),"2,500",똘미,2025.05.31.
가공식품_음료,완료,스타벅스 개인컵 (오늘까지),"3,000",포항현이아빠,2025.05.31.
가공식품_음료,판매,코스트코 코코넛워터,"10,000",리비케이,2025.05.31.
가공식품_음료,완료,연습용 원두 팝니다.,"9,000",opopwasd,2025.05.31.
가공식품_음료,판매,맥널티 분쇄 원두 리치 헤즐넛 커피 226g 미개봉,"6,000",yrinatio,2025.05.31.
가공식품_음료,판매,CGV 콤보 50% 할인쿠폰 천원에 드립니다,"2,000",행뿌자,2025.05.31.
가공식품_음료,판매(안전),스타벅스 브라운데비텀블러 × 필터커피 택포,"30,000",저렴한가격에,2025.05.31.
가공식품_음료,판매,두레생협 국산 무농약 도라지청 (150g) 도라지 진액 액기스 1병,"25,000",simplen앤,2025.05.31.
가공식품_음료,판매,"바샤 카라멜로모닝 한박스 미개봉새상품 택포 29,000","29,000",좋다요,2025.05.31.
가공식품_음료,판매,카누 미니 디카페인 100T+20T 미개봉 새제품 (반값택포 2.7만원),"27,000",IULUVu,2025.05.31.
가공식품_음료,판매,녹용진 29팩 팝니다,"9,000",푸른초초,2025.05.31.
가공식품_음료,완료,"스타벅스 프리퀀시 미션, 일반","4,000",모악산산,2025.05.31.
가공식품_음료,판매,네이트리팜 발효진생고 인삼차,"110,000",삼천세계피의바다,2025.05.31.
가공식품_음료,판매(안전),새상품 고려흑염소즙 골드 1박스 2만원 /5박스 9만원,"20,000",굿서비스맨,2025.05.31.
가공식품_음료,판매,바나바잎차 4박스,"20,000",모군모구,2025.05.31.
가공식품_음료,판매(안전),"동구 꿀밤라떼 파우더, 토피넛파우더","7,000",마이쮸망고,2025.05.31.
가공식품_음료,판매,팥차 팥물 0칼로리 다이어트 성형붓기 제로음료 500ml 한박스 디톡스 싸게 팔아요!,"50,000",이스커,2025.05.31.
가공식품_음료,판매,마니스 로얄젤리 로얄 5000,"39,000",페퍼love,2025.05.31.
가공식품_기타,판매,호두과자용 믹스 / 호두과자용 적앙금 팝니다,"18,000",D3이노센스,20:36
가공식품_기타,판매,깐은행 팝니다 ...국내 청정지역,"18,000",라스트,20:33
가공식품_기타,판매,크린손 위생장갑 50매 50개 34.500원 무료배송 팝니다.,"34,500",LOVE2016,20:29
가공식품_기타,판매,스팸 클레식 300g 3개 + 런천미트 300g 1개 + 런천미트 340g 1개 + 런천미트 200g 2개 + 진라면순한맛 낱개 10개 + 펭권꽁치 보일드 400g 3만원 무료 배송 팝니다.,"30,000",LOVE2016,20:28
가공식품_기타,판매(안전),베트남 아가그린 플러스 침향 새상품 6개월분 팝니다,"700,000",ntns,20:13
가공식품_기타,판매,"솔가 칼슘 600, 비타민 D3","30,000",lightvox,20:06
가공식품_기타,판매(안전),여주즙,"27,000",항상감사맨,20:05
가공식품_기타,판매,(최신상) 여에스더 NMN 파이토에스 5X 4박스/택포,"90,000",ARAMO,19:57
가공식품_기타,판매,천마보위 70 ml 30포 쇼핑백 포함 5박스 무료배송,"94,000",택배외불가,19:41
가공식품_기타,판매,맥심 카누 미니 마일드 로스트 아메리카노 150T,"23,000",세잎이ㅣ,19:31
가공식품_기타,판매(안전),성심당 망고시루 망고롤 망고타르트 그외 빵 전국배달[보냈심당],"23,000",보냈심당 대전빵배달,19:14
가공식품_기타,판매(안전),청하단 3단계,"100,000",Stao,19:03
가공식품_기타,판매,[새 제품] 효소원 4박스,"135,000",kimhr0211,18:52
가공식품_기타,판매,Ahcc 750mg 60정 택포 6만원,"60,000",라라로리리,18:52
가공식품_기타,판매,슈퍼매직 숙취해소제 카라멜 40개 (히말라야원료+밀크씨슬+글루타치온),"20,000",행복한하루25,18:44
가공식품_기타,판매,제누 스테피아 단백질 커피믹스 새제품 팝니다.^^,"32,000",amoman,18:39
가공식품_기타,판매(안전),안성탕면 라면 40개 1박스 개당 500원에 팔아요,"20,000",요기요123,18:36
가공식품_기타,판매,수미감자 팝니다~ 울산,"10,000",화려한칼질,18:30
가공식품_기타,판매(안전),너구리 라면 40개 1박스 개당 700원에 팔아요,"28,000",요기요123,18:27
가공식품_기타,판매,쌀20kg 당진헤나루 당찬쌀,"30,000",우디고 차일드,18:21
가공식품_기타,판매,이야이야앤프렌즈 올리브오일 스틱 + 샷잔 세트,"69,000",cosmography,18:17
가공식품_기타,판매(안전),흰민들레즙,"27,000",항상감사맨,18:13
가공식품_기타,판매,반택포)칼로스탑 가르시니아 2박스(총120포),"20,000",kns2456,18:12
가공식품_기타,판매,G7 3in1 오리지널커피믹스 16g×50개 팝니다^^,"11,000",lmz2001,17:37
가공식품_기타,판매,파워칵테일 정품,"65,000",kwaek0621,17:30
가공식품_기타,완료,일리캡슐,"50,000",dmsr****,17:16
가공식품_기타,판매,산소유산균 오투부스터 1박스(28포),"150,000",강아지가세상을구한다,17:15
가공식품_기타,판매,100% 정품 최상품 베트남 아가골드 침향 판매합니다. 정품큐알인증가능제품입니다.,"750,000",석유왕자 브라더,17:10
가공식품_기타,판매,커피 원두 무세띠 로싸 8kg 판매,"180,000",송남땅우,17:06
가공식품_기타,판매(안전),"FIX 두바이 초콜릿 오리지날, 신상품 팝니다","45,000",ato0528,17:03
가공식품_기타,판매,고디바 초코케익 배송지 변경,"29,000",일산ll디디리가,16:31
가공식품_기타,판매,바샤 커피 12개입 여러종류 판매,"28,000",하데하데,16:24
가공식품_기타,판매,마누카꿀 250 택포,"20,000",k2y1004,16:15
가공식품_기타,판매,뇌명실 500g 팝니다,"46,000",star7410,16:13
가공식품_기타,판매,떡기리 참기름 택포 30000 새상품,"30,000",whdmstpdis1,16:05
가공식품_기타,판매,연하제(뉴케어 토로미 퍼펙트),"50,000",행복한씽씽이,16:02
가공식품_기타,판매(안전),부기부기 붓기템 미개봉 4박스,"99,000",choieeeeee,15:26
가공식품_기타,판매,볶은 쌤 카다이프,"5,000",OMHO,15:05
가공식품_기타,판매,[무료]피자헛 포장 45% 배달 35% 할인쿠폰 무료 (포장 최대 19000원.배달 최대 15000원 할인),"2,000",I김곰돌I,14:34
가공식품_기타,판매,[무료]피자헛 포장 45% 배달 35% 할인쿠폰 무료 (포장 최대 19000원.배달 최대 15000원 할인),"2,000",I김곰돌I,14:34
가공식품_기타,판매(안전),플라이밀 단백질쉐이크 대용량 미개봉 (맛 다양),"23,000",모먼트런,14:29
가공식품_기타,판매,"매일유업 소프트믹스 10%, 200팩 판매합니다","4,000",뽀로로,14:23
가공식품_기타,판매,"[ RICHIS ] 리치스 제로 레몬 에이드분말 600g 팔아봅니다 (비닐 미개봉, 배송비포함)","9,000",나이스보이,14:19
가공식품_기타,판매(안전),성심당 망고시루 망고롤 망고타르트 튀김소보로 구매대행 (내역 800건이상) 전국배달,"22,200",긴다오,14:15
가공식품_기타,판매,2025년4월 제주 햇 건고사리,"12,000",마카롱봄,14:13
가공식품_기타,완료,빼빼주스,"35,000",찌아마미ㅎ,14:04
가공식품_기타,판매,"TWG 티테디 라즈베리바닐라, 200g, 1개","40,000",욜롤롤로르,14:00
가공식품_기타,판매(안전),하늘이네마켓 늘씬수 미개봉 5박스 팝니다,"200,000",deok30,13:39
가공식품_기타,예약중,에이밍마켓 쿠키 판매합니다,"10,000",아려갸맡츠로냐져,13:35
가공식품_기타,판매,에이밍 마켓 빵모닝 택배 구매 원합니다,"100,000",먀옴,13:29
가공식품_기타,판매,이란산 샤프란 향신료 2g 택포 3만원에 보내드립니다.,"30,000",산하재,13:28
가공식품_기타,판매,배도라지스틱 1박스 미개봉 새상품 팝니다,"20,000",비니비니,13:22
가공식품_기타,판매(안전),장영란 파비플로라,"100,000",vDeoGratiasv,13:16
가공식품_기타,판매,미녀 유기농 레몬즙 100%,"73,000",쿵딱쿵짜,13:15
가공식품_기타,판매,톡스웰 스파이크 맨즈,"20,000",베이스,13:11
가공식품_기타,판매,톨앤핏 활력 아미노 알파 프로틴 밸런스 주니어 30포 1개월분 아주 싸게 팝니다. 단백질 영양제 필수 아미노산 10종,"52,000",돈워리빅해피,12:56
가공식품_기타,판매,"홍차: 포트넘앤메이슨, 퀸앤, 틴, 250g","30,000",로댕이투,12:54
가공식품_기타,판매,"마리아쥬프레르 리필 100g: 웨딩임페리, 볼레로,마르코폴로,에스프리 드 노엘","20,000",로댕이투,12:47
가공식품_기타,판매,플라이밀 단백질 쉐이크,"20,000",유니블리블링,12:41
가공식품_기타,판매(안전),"제주 마음샌드 신상 우유맛, 땅콩맛","20,000",J리아,12:41
가공식품_기타,판매,주비푸드 갈아만든 생와사비 + 간장소스 세트 고추냉이 14종. (미개봉 새제품) 그릴드비프 생와사비 그릴드포크 생와사비 사시미간장소스,"24,000",느릿게걷자,12:40
가공식품_기타,판매,"발효진생고 30포 아주 싸게 팝니다 (택포 5만 4천원). 면역력 증진, 100% 국내산 인삼, 생지황, 벌굴, 복령 수험생","50,000",느릿게걷자,12:39
가공식품_기타,완료,TWG 클래식 3종 티백,"15,000",flower love,12:29
가공식품_기타,판매,"정원식품 발아곡물세트 잡곡세트 10봉 100% 국내산 미개봉. 발아 황금찰보리, 찰보리쌀, 압맥, 보리쌀, 겉보리쌀, 15곡 혼식","29,000",늘해량,12:28
가공식품_기타,판매(안전),베트남최급침향!**아가로얄**미개봉!최신품!!,"700,000",침향맨,12:24
가공식품_기타,판매,진초영묘사향단 팝니다. 10알,"100,000",EDK0,12:21
가공식품_기타,판매,쌀20kg 신동진쌀 상급,"30,000",우디고 차일드,12:18
가공식품_기타,판매,뉴케어 케이디 비투석신장질환식,"23,000",여진향,12:12
가공식품_기타,판매,2025년 올해 죽숙 손질 현재 25봉 택배 발송 완료,"15,000",땅근0824,12:12
가공식품_기타,판매,뉴스킨 티알미 트라이엄프,"60,000",벤츠타는끝수니,12:10
가공식품_기타,판매,육개장 사발면36개 삽니다,"10,000",보노보노,12:10
가공식품_기타,판매,[최근배송]리프아스타 아스타잔틴 180캡슐(패밀리 사이즈)위드링크러브,"165,000",hhyyjj,12:07
가공식품_기타,판매,스팸 마일드 25% 라이트 340g 10개 택포 3만,"30,000",업자나라소시민,12:07
가공식품_기타,판매(안전),(새상품) 베트남 1등급 침향 아가그린 플러스 6개월분 최저가에 팝니다,"700,000",ntns,12:03
가공식품_기타,판매,위드링크러브(오늘 배송옴) 험어스2박스-냉장 보관중,"179,000",hhyyjj,11:59
가공식품_기타,판매,참다한 홍키즈 컴파운드 2단계 30포 새제품,"70,000",pepsi2298,11:59
가공식품_기타,판매,[판매]스타벅스 미디엄 로스트 아메리카노 캔(90g x 2캔),"48,000",중고나라3125,11:55
가공식품_기타,판매(안전),상록원 명품 녹용,"370,000",대박노사장,11:46
가공식품_기타,판매,정관장 화애락액티브미,"110,000",살빼고싶으다,11:45
가공식품_기타,판매,톨앤핏 키성장 영양제 활력 아미노 알파 프로틴 밸런스 주니어 30포 1개월분,"50,000",서울 노우원구,11:44
가공식품_기타,판매,발효진생고 30포 1박스 싸게 팝니다,"53,000",서울 노우원구,11:40
가공식품_기타,판매(안전),발로나 둘세 3kg 급히 처분합니다~,"120,000",soltmall,11:29
가공식품_기타,판매,요즘 다이어트로 핫한 빌립푸드 락토페린 프리미엄정 60정 2통 팝니다,"28,000",직거래콜콜,11:24
가공식품_기타,판매,발렌타인 21년 공병 5천원 팝니다 양주/위스키,"2,222",네거티븜,11:23
가공식품_기타,판매,"정원식품 발아곡물세트 잡곡세트 10봉 100%국내산 발아 황금찰보리, 찰보리쌀, 보리쌀, 겉보리쌀, 현미, 압맥, 15곡 혼식","32,000",참 거시기하네,11:22
가공식품_기타,판매(안전),베트남 침향 팔아요,"500,000",쓔지잉,11:15
가공식품_기타,판매(안전),여주즙,"27,000",항상감사맨,11:14
가공식품_기타,판매(안전),베리굿 빌베리,"85,000",중고ㅡ나라,11:09
가공식품_기타,판매(안전),제주 마음샌드 쿠키 땅콩맛1+한라봉맛1=총2박스(맛변경가능),"50,000",맛있는 제주,11:03
가공식품_기타,판매(안전),제주마음샌드 쿠키 땅콩3박스(맛변경가능),"70,000",맛있는 제주,11:02
가공식품_기타,판매(안전),참깨라면 20봉 13000원에 팔아요,"13,000",요기요123,11:00
가공식품_기타,판매,닥터요드 글루타치온 콜라겐 화이트 C,"30,000",삼천세계피의바다,10:58
가공식품_기타,판매(안전),칼리바우트 다크 청크 초콜릿 10kg 벌크 급처분 합니다.,"160,000",bin75210,10:56
가공식품_기타,판매,모모야 라유 판매 (새상품) 2개,"17,000",liilllllllii,10:55
가공식품_기타,판매,뷰티선식(택포),"60,000",말괄량이,10:39
가공식품_기타,판매(안전),25년 햇 건고사리 팝니다,"50,000",PinkTumbler,10:33
가공식품_기타,판매,말린 고사리 판매합니다,"60,000",ㅇ습관된다ㅇ,10:31
가공식품_기타,판매(안전),스위치온 다이어트 새상품,"84,000",잭탱탱,10:26
가공식품_기타,판매,바샤 커피 밀라노 모닝 12개입,"30,000",여행다니는우유,10:19
가공식품_기타,판매,정관장 천녹정 2개입 미개봉 새상품,"330,000",여행다니는우유,10:19
가공식품_기타,판매,국산 잣 백잣 국내산 100% 360g 새상품/무료배송,"53,000",임산부라쿨거래부탁요,10:12
가공식품_기타,판매(안전),아이간식 비타써브 밀크앤칼슘(택포),"20,000",행복한김양,10:11
가공식품_기타,판매(안전),CU 두바이 초콜렛 싸게 팝니다.,"3,000",제플리온,10:05
가공식품_기타,판매,정관장 홍삼정 에브리타임 소프트 미개봉새상품,"38,000",뽀록나라요정,10:05
가공식품_기타,판매,양봉 벌집꿀 판매 및 연중공급 계약 합니다,"130,000",그냥드냥저냥,10:01
가공식품_기타,판매,에너지스쿱 러브 오리지널,"175,000",큐샵,09:54
가공식품_기타,판매(안전),"굿데이 발효녹용홍삼 선물세트 19,000원에 판매합니다","19,000",언빌리버열정,09:46
가공식품_기타,판매(안전),"동의삼 프리미엄 녹용진 원데이타임 100포 선물세트 27,000원에 판매합니다","27,000",언빌리버열정,09:46
가공식품_기타,판매(안전),"천의삼 원데이 홍삼골드 선물세트 30,000원에 판매합니다","30,000",언빌리버열정,09:46
가공식품_기타,판매(안전),"동의삼 산삼배양근스틱 선물세트 18,000원에 판매합니다","18,000",언빌리버열정,09:46
가공식품_기타,판매(안전),"정녹삼 천지 녹용산삼침향환 선물세트 30,000원에 판매합니다","30,000",언빌리버열정,09:45
가공식품_기타,판매,농사지은 들기름 2병 판매합니다 택포,"50,000",k2y1004,09:39
가공식품_기타,판매,플라이밀 단백질쉐이크,"22,000",왕크왕귀욤,09:36
가공식품_기타,판매,오일소스스팸 세트,"36,000",Regista,09:28
가공식품_기타,판매,골든 오레오 면세점 과자,"10,000",히이이이이잉,09:14
가공식품_기타,판매,이미나의 블래싱 스매싱바디,"145,000",nayanada,09:14
가공식품_기타,판매,페라놀 정2단계(새상품) 한달치와 복용중이던 40개씩+벌룬정44개,"150,000",etro****,09:06
가공식품_기타,판매(안전),성심당 망고시루 망고롤 빵 케이크 등 전국배달서비스 [보냈심당] 전국ktx/버스 후기 최고/최다,"23,000",보냈심당 대전빵배달,09:05
가공식품_기타,완료,보라지유 5box,"115,000",긴닌딘린,09:00
가공식품_기타,판매(안전),시너지 쉐이크(초코맛),"24,000",qhdk114,08:58
가공식품_기타,판매,맥심 화이트골드 팝니다 (미개봉 새제품),"29,000",붉은장판,08:56
가공식품_기타,판매,[백년농가]박나래 추천템! 혈당강하 당뇨쌀 바나듐쌀 4kg 판매합니다.,"34,000",beniloveyou,08:41
가공식품_기타,판매,스타벅스 캡슐커피 네스프레소 호환 7종,"5,000",babi7703,08:25
가공식품_기타,판매(안전),엘가닉 캔그린스 녹즙분말,"240,000",jrnjh0401,08:15
가공식품_기타,판매(안전),고려인삼바이오 후코이단,"550,000",jrnjh0401,08:15
가공식품_기타,판매,톡스웰&톡스웰 스파이크 세트로 판매합니다.,"30,000",ssoya11,07:12
가공식품_기타,판매(안전),에너지스쿱 위드링크러브 / 셀릭서 / 아스타잔틴 <택배 또는 수원 직거래>,"80,000",일레티,07:12
가공식품_기타,판매(안전),스위치온 다이어트 새상품,"84,000",잭탱탱,06:49
가공식품_기타,판매(안전),JOMARA 조마라 두바이 고급 대추야자 275g,"20,000",햇님이반짝이,06:23
가공식품_기타,판매,"발로나 다크초콜렛 밀크초콜렛 50개, 1박스 명품초콜렛","55,000",쏠나무,06:15
가공식품_기타,판매,부기부기 10통(미개봉) 택포20,"200,000",별난뿅뿅,06:06
가공식품_기타,판매,"[미개봉새제품] 포켓스낵 12개 = 단돈 7,900원","7,900",gagab,05:44
가공식품_기타,판매,"[미개봉새제품] 아몬드 프레이크5개 + 샌드웨이퍼16개 = 단돈 7,900원","7,900",gagab,05:44
가공식품_기타,판매,"[미개봉새제품] 컵라면 종류별 모두다해서 7개일괄 = 단돈 6,900원","6,900",gagab,05:44
가공식품_기타,판매,삼동파 주아 . 모주 팝니다.,"10,000",원투,05:22
가공식품_기타,판매,6곡 생식 6미7곡물 이상수 다이어트 새상품 팔아요,"70,000",Del1i,05:07
가공식품_기타,판매,삼보죽염 9회용융 자죽염 1kg 미개봉 새상품 팝니다 ( 서울 ),"230,000",베스트회원,05:02
가공식품_기타,판매(안전),닥터큐민오리진3개,"90,000",새록새록소망이,04:11
가공식품_기타,판매,"포트넘앤메이슨 로얄블렌드, 퀸앤 25 티백","40,000",dolcee,03:30
가공식품_기타,판매,쌀 판매합니다 [잡곡 및 찹쌀],"3,000",오에압스,03:26
가공식품_기타,판매,"맥심 화이트 커피 60개 +위생장갑50매5개 15,390원 무료 배송 팝니다.","15,390",LOVE2016,02:30
가공식품_기타,판매,[ 새제품 ]주비푸드 뿌리를 갈아만든 진짜 생와사비 14종세트 ( 택포 ),"34,000",하늘바다콩,02:19
가공식품_기타,판매,불면개선 영양제 위아바임아쉬아간다 할인무료덤,"30,000",giventake77,01:39
가공식품_기타,판매,황진단천 20환 미개봉 새상품,"720,000",내일을기대해,00:20
가공식품_기타,판매(안전),성심당 망고시루 망고롤 망고타르트 튀김소보로 구매대행 (내역 800건이상) 전국배달,"22,200",긴다오,00:17
가공식품_기타,판매,TWG 크림카라멜 / 마리아쥬 프레르 마르코폴로 / 카렐 차펙,"25,000",야옹jj,2025.06.01.
가공식품_기타,판매,티젠 콤부차 매실+보틀 새상품,"9,900",콜블라떼,2025.06.01.
가공식품_기타,판매,백년농가 박나래 추천템! 유기농 상황버섯 진액 1개월분 팝니다,"30,000",dmsdnWkd,2025.06.01.
가공식품_기타,판매,바샤커피 21가지 종류 각종 드립백 12개 들이 박스 미개봉/ 홀빈(원두콩) 미개봉,"12,345",미야비inFK,2025.06.01.
가공식품_기타,판매,"TWG, 마리아쥬프레르, NINA'S paris","12,345",미야비inFK,2025.06.01.
가공식품_기타,판매,맥심 화이트골드 믹스 210T,"21,000",세잎이ㅣ,2025.06.01.
가공식품_기타,완료,돌체구스토캡슐 스타벅스캡슐 커피캡슐 판매해요,"6,500",리르시안v,2025.06.01.
가공식품_기타,판매,플라이밀 그래놀라,"10,000",왕크왕귀욤,2025.06.01.
가공식품_기타,판매,젠틀몬스터 하금테,"130,000",johnhara,2025.06.01.
가공식품_기타,판매,멜로시라 퍼스트코리아 바이오맥스 플러스,"85,000",진수soo2,2025.06.01.
가공식품_기타,판매,배달의 민족 배달.포장.배민1.b마트 할인(새벽주문 환영) 배민 주문,"2,000",요오옷,2025.06.01.
가공식품_기타,판매,요기요 배달팁 무료&배달.포장.편의점 픽업 할인(새벽주문 환영) 요기요 주문,"2,000",요오옷,2025.06.01.
가공식품_기타,판매(안전),시너지월드쉐이크,"11,111",orolgirls,2025.06.01.
가공식품_기타,판매(안전),셀메드 비오플렉스에프 세립 판매합니다,"60,000",슈트리1,2025.06.01.
가공식품_기타,판매,이노시톨,"50,000",heejin0816,2025.06.01.
가공식품_기타,판매,마칼디,"20,000",heejin0816,2025.06.01.
가공식품_기타,판매(안전),보니젤리 새상품,"20,000",룰랄랄릴,2025.06.01.
가공식품_기타,판매,바샤커피,"28,000",minimiinii,2025.06.01.
가공식품_기타,판매,TWG 티 테이스터 컬렉션(가격내림),"43,000",rmfjsk11,2025.06.01.
가공식품_기타,완료,제주 마음샌드 쿠키 땅콩맛1+한라봉맛1=총2박스(맛변경가능),"50,000",맛있는 제주,2025.06.01.
가공식품_기타,판매,블루보틀 원두 밸런스 브라이트 2개 스타벅스 파이크 플레이스 원두 2개팝니다,"39,000",mmsaymm,2025.06.01.
가공식품_기타,판매(안전),제주마음샌드 쿠키 땅콩2박스(택배비포함),"48,000",맛있는 제주,2025.06.01.
가공식품_기타,판매,천마보위 70 ml 30포 쇼핑백 포함 5박스 무료배송,"94,000",택배외불가,2025.06.01.
가공식품_기타,판매,히말라야 파티 스마트 캡슐 25정 새상품 12박스,"12,345",초사이아인파파,2025.06.01.
가공식품_기타,판매,"[미개봉,새제품] 이경제 정직한 녹용 홍삼 스틱","65,000",초보조립중,2025.06.01.
가공식품_기타,판매,유산균 5천원 개당 친구가 먹으라구 보내줌 50개 있음,"5,000",택배외문의사절합니다,2025.06.01.
가공식품_기타,판매,스피루리나 후코이단,"215,000",Namju82,2025.06.01.
가공식품_기타,판매,"정원식품 발아곡물세트 잡곡세트 10봉 100% 국내산 미개봉. 발아 황금찰보리, 찰보리쌀, 압맥, 보리쌀, 겉보리쌀, 15곡 혼식","29,000",늘해량,2025.06.01.
가공식품_기타,판매,철인관 임꺽정 철갑상어 30포 1개월분 철갑상어 한마리 갱년기 활력,"47,000",늘해량,2025.06.01.
가공식품_기타,판매,군위매실팔아요~,"38,000",v빨콩v,2025.06.01.
가공식품_기타,판매,톨앤핏 활력 아미노 알파 프로틴 밸런스 주니어 30포 1개월분 아주 싸게 팝니다. 단백질 영양제 필수 아미노산 10종,"52,000",돈워리빅해피,2025.06.01.
가공식품_기타,완료,레디큐20 컨디션스틱 10,"20,000",추리의ㅇ,2025.06.01.
가공식품_기타,판매(안전),"[모두 미개봉] 산삼 쾌활고 100년 산삼청 + 도라지청, 제누 스테비아 단백질 커피믹스, 맥심 모카골드 아메리카노, 무궁화 천녹정 VVIP 세트, 톨앤핏 활력 아미노알파, 임꺽정 철갑상어, 진도농협 구기자진액 골드","2,000",아이사늘,2025.06.01.
가공식품_기타,완료,마이프로틴 임팩트 웨이 프로틴 2.5kg 팝니다.,"58,000",슬우s,2025.06.01.
가공식품_기타,판매,신비복숭아:) / 털복숭아 / 천도복숭아 / 하우스 말랑이 복숭아 / 복숭아 드시러오세요 :),"20,000",songyeonghu,2025.06.01.
가공식품_기타,판매,성주 꿀 참외 가격 대폭 인하 / 산지직송 / 당도높은 참외 / 아삭아삭 / 에어셀 포장 /,"20,000",songyeonghu,2025.06.01.
가공식품_기타,판매,플라이밀 쉐이크 파우치 6세트 (낱개로 총42개) 맛 다양,"77,000",sinalove8,2025.06.01.
가공식품_기타,판매,"프로티원 (흑임자, 커피) 올리브영 쉐이크 (흑임자 인절미) 총 3통","60,000",sinalove8,2025.06.01.
가공식품_기타,판매,닥터굼) 굼뱅이 분말 팝니다.,"30,000",wjddms3986,2025.06.01.
가공식품_기타,판매(안전),[내역 800건 이상] 성심당 망고시루 튀소등 각종 빵 구매해드립니다,"22,222",긴다오,2025.06.01.
가공식품_기타,판매,(새상품) 컵솜사탕 간식 불량식품,"3,000",쪼아융,2025.06.01.
가공식품_기타,판매(안전),농심 육개장 사발면 30개,"20,000",말랑주인씨,2025.06.01.
가공식품_기타,판매(안전),프로티원 곡물맛2통💛,"50,000",쫑쫑이지롱o,2025.06.01.
가공식품_기타,판매(안전),깨끗한이별(깨별) 변비직빵!!다이어트!!,"160,000",쫑쫑이지롱o,2025.06.01.
가공식품_기타,판매(안전),해죽순 꽃 봉오리차 (5통),"55,000",하동며느리,2025.06.01.
가공식품_기타,판매,신라면스프(후레이크포함 각각25개씩) 택배비별도,"6,000",앨리스인가,2025.06.01.
가공식품_기타,판매,베트남 커피 빌리지 위즐 낱개2봉 (택포 2.5만),"25,000",wfc911,2025.06.01.
가공식품_기타,판매,일본과자 시로이코이비토 초코샌드,"45,000",린린솔솔,2025.06.01.
가공식품_기타,판매,세부 7D 망고&파인애플 믹스(80g),"20,000",Phoenix,2025.06.01.
가공식품_기타,판매(안전),제원 코코아파우더,"90,000",은희은지맘,2025.06.01.
가공식품_기타,판매(안전),끼리크림치즈 1kg,"17,000",은희은지맘,2025.06.01.
가공식품_기타,판매(안전),모닝케어 프레스온 밀크씨슬 10개,"13,000",뮤직,2025.06.01.
가공식품_기타,판매,시너지 단백질 쉐이크 4box - 1Set,"120,000",리틀,2025.06.01.
가공식품_기타,판매,묘차 프리미엄 티백 유자월광백 15티백+서울숲 블렌드 15티백 싸게 팝니다,"20,000",탈모엔 안제모,2025.06.01.
가공식품_기타,판매(안전),캐치콜 디톡스 1박스 판매합니다,"160,000",장군이맘,2025.06.01.
가공식품_기타,완료,어울리 락사그래뉼 차전자피 2박스,"38,000",ymym882,2025.06.01.
가공식품_기타,완료,"시너지 쉐이크, 트루그린 플러스","35,000",무지쓰,2025.06.01.
가공식품_기타,판매(안전),"플라이밀 마녀스프 15봉(치킨10, 비프5)","6,000",k0907ee,2025.06.01.
가공식품_기타,판매,얌념 레스피및 혼합가포장기 기계 판매합니다,"25,000,000",seap35,2025.06.01.
가공식품_기타,판매,GNM 자연의품격 석류콜라겐젤리 2박스(30포),"14,000",aaadf123,2025.06.01.
가공식품_기타,판매(안전),천마니 천마 우슬 품은 달팽이진액,"200,000",Bluecircle,2025.06.01.
가공식품_기타,판매,베랏핏 오나라,"130,000",nayona81,2025.06.01.
가공식품_기타,판매,사조 선물 세트 4종 (다 구입 시 하나 무료),"22,000",Restless Heart,2025.06.01.
가공식품_기타,판매,오니스트 트리플 콜라겐 오렌지 7입,"10,500",히히히,2025.06.01.
가공식품_기타,판매(안전),콜라겐 필요하신분?#콜라겐올로지#만원,"10,000",칩앤데일이,2025.06.01.
가공식품_기타,판매,"플라이밀 파우치 체험팩 단백질 쉐이크 맛보기 (맛 9종, 9개)","24,000",flqjgkdla123,2025.06.01.
가공식품_기타,판매,배리웨이 송이송이 쉐이크,"20,000",djcjcbfjf,2025.06.01.
가공식품_기타,판매,푸꾸옥 레드페퍼 새우소금,"2,500",혀니 80,2025.06.01.
가공식품_기타,판매,락티브 식물성 멜라토닌 멜라드림,"10,000",오소리9,2025.06.01.
가공식품_기타,판매(안전),새상품)모어네이처 엠머밀 파로 효소 판매,"9,000",오이이이잉잉,2025.06.01.
가공식품_기타,판매,햇건고사리 200g,"20,000",자연을 찾아,2025.06.01.
가공식품_기타,판매,네이처스웨이 B-50 컴플렉스 100정,"12,000",YOLOT,2025.06.01.
가공식품_기타,판매,스타벅스 캡슐커피 네스프레소 호환 7종,"5,000",babi7703,2025.06.01.
가공식품_기타,판매(안전),마이해빗 혈당컷 6박스일괄,"100,000",까만콩,2025.06.01.
가공식품_기타,판매,그레인온 골드카무트효소 6개월분 선물세트,"88,000",dkswpffk888,2025.06.01.
가공식품_기타,판매,새상품)pf2000 폴리코사놀 호주에서 구매4box,"380,000",alwk0823,2025.06.01.
가공식품_기타,판매,에너지스쿱 러브,"170,000",냥냥,2025.06.01.
가공식품_기타,판매,정관장 다보록 감사 가편 택포,"40,000",채팅안됨,2025.06.01.
가공식품_기타,판매(안전),퀘이커 오트 그래놀라 골든넛츠 4봉 일괄,"15,000",디에너리,2025.06.01.
가공식품_기타,판매(안전),암웨이 엔자임 바이옴 (미개봉) 택포,"83,000",아리노마마S,2025.06.01.
가공식품_기타,완료,덴티오클린,"20,000",hodule,2025.06.01.
가공식품_기타,판매,한독 테라큐민 슈퍼 플러스 100,"20,000",전홍삼,2025.06.01.
가공식품_기타,판매(안전),[내역 800건 이상] 성심당 망고시루 튀소등 각종 빵 구매해드립니다,"22,222",긴다오,2025.06.01.
가공식품_기타,완료,종합 영양제 메가트루파워 싸게 팝니다(200정),"60,000",응ㅋㅋㅋㅋㅋㅋ,2025.06.01.
가공식품_기타,판매,코스메쉐프 만능파우더 장뷰티 유산균 + 공병 덤,"25,000",sysy08,2025.06.01.
가공식품_기타,완료,아임비타 이뮨샷 30개 40000원 택배포함,"40,000",에린,2025.06.01.
가공식품_기타,판매(안전),비브리브 애사비 클렌즈 젤리스틱 3박스 팝니다,"25,000",혜뽕,2025.06.01.
가공식품_기타,예약중,에이밍마켓 빵모닝 시그니처 쿠키 세트 6/15 현장 정가 일괄양도,"83,100",aero1717,2025.06.01.
가공식품_기타,판매,칡즙 / 정말저렴한 가격 ! /100ml 90포 45.000원(무료배송)/ 맛좋아요 ^^,"45,000",예진식품,2025.06.01.
가공식품_기타,판매,100%구기자진액/청양구기자만 사용 / 진하고 깊은맛! / 구기자열매만 사용합니다.,"57,000",예진식품,2025.06.01.
가공식품_기타,판매,100%유근피진액/걸쭉한유근피즙/자연산느릅나무껍질만사용/두박스구입시10포증정,"43,000",예진식품,2025.06.01.
가공식품_기타,판매,100%야관문진액/야관문플러스즙/야관문주/나혼자산다 야관문주/자연산야관문,"36,000",예진식품,2025.06.01.
가공식품_기타,판매,비너지 대마종자유 새상품,"11,000",OTOH,2025.06.01.
가공식품_기타,판매(안전),미국에서 핫한 샤워패치 젤리 판매합니다~!,"8,000",초코맛요플레,2025.06.01.
가공식품_기타,판매(안전),일본 닥터토모야 스피루리나,"220,000",뾰로롱,2025.06.01.
가공식품_기타,판매,린바디환 3단계,"163,000",사기주의합시다,2025.06.01.
가공식품_기타,판매(안전),(새상품) 베트남 침향 아가그린 플러스 3개월분 팝니다,"700,000",ntns,2025.06.01.
가공식품_기타,판매,웰쎄스 소금후추세트,"30,000",Castella22,2025.06.01.
가공식품_기타,판매,브라질산 프로폴리스 스프레이,"15,000",oksun7301,2025.06.01.
가공식품_기타,판매,크린손 위생장갑 50매 50개 34.500원 무료배송 팝니다.,"34,500",LOVE2016,2025.06.01.
가공식품_기타,판매,베트남노니과립 스틱90포 4.5만원 3개월치,"45,000",인앵이,2025.06.01.
가공식품_기타,판매,여에스더 맥주효모 비오틴 울트라케어 팝니다,"110,000",zsxzzz0123,2025.06.01.
가공식품_기타,판매,비스코업( 점도증진제 ) 5개 +a,"65,000",사월,2025.06.01.
가공식품_기타,판매,쌍계 왕의한차 궁중다례 2만,"20,000",간식대왕,2025.06.01.
가공식품_기타,판매,스타벅스 텀블러 나고야 2만,"20,000",간식대왕,2025.06.01.
가공식품_기타,판매,삼보죽염 9회용융 자죽염 1kg 미개봉 새상품 팝니다 ( 서울 ),"230,000",베스트회원,2025.06.01.
가공식품_기타,판매,"허벌라이프 단백질쉐이크 (정품,새상품) 커피,초콜렛,쿠키앤크림맛","45,000",별별중고나라별,2025.06.01.
가공식품_기타,완료,홍콩에서 구매한 이클립스 포도 3p,"15,000",행복가득2025,2025.06.01.
가공식품_기타,판매,모나리 비니거애사비 500ml×4병,"60,000",충충만,2025.06.01.
가공식품_기타,판매,국산 우슬,"10,000",yes55925,2025.06.01.
가공식품_기타,완료,스타벅스 프리퀀시 미션,"3,400",zamlxsnkcdbjc,2025.06.01.
가공식품_기타,완료,밀키즈,"24,000",sooy1052,2025.06.01.
가공식품_기타,완료,동원참치 135g 개당,"12,345",트리플짱,2025.06.01.
가공식품_기타,판매,고춧가루 판매합니다,"10,000",웃기는 감자,2025.06.01.
가공식품_기타,판매,푸드올로지 콜레올로지 컷,"45,000",aqwert90,2025.06.01.
가공식품_기타,판매(안전),장영란 파비플로라,"100,000",vDeoGratiasv,2025.06.01.
가공식품_기타,판매,스팸 클레식 300g 3개 + 런천미트 300g 1개 + 런천미트 340g 1개 + 런천미트 200g 2개 + 진라면순한맛 낱개 10개 + 펭권꽁치 보일드 400g 3만원 무료 배송 팝니다.,"30,000",LOVE2016,2025.06.01.
가공식품_기타,판매,"맥심 화이트 커피 60개 +위생장갑50매5개 15,390원 무료 배송 팝니다.","15,390",LOVE2016,2025.06.01.
가공식품_기타,판매(안전),농심 신라면 40개입 한박스 팔아요,"24,000",요기요123,2025.06.01.
가공식품_기타,판매(안전),페이퍼백 순수진액,"29,000",뭄뭄맴맴,2025.06.01.
가공식품_기타,완료,삼동파 주아 . 모주 팝니다.,"10,000",원투,2025.06.01.
가공식품_기타,완료,쌀 판매합니다 [잡곡 및 찹쌀],"3,000",오에압스,2025.06.01.
가공식품_기타,판매(안전),성심당 망고시루 망고롤 망고타르트 그외 빵 전국배달[보냈심당],"23,000",보냈심당 대전빵배달,2025.06.01.
가공식품_기타,완료,"맥심 모카골드 마일드 커피믹스 160들이2상자 35,000원","35,000",어이거기너,2025.06.01.
가공식품_기타,판매(안전),코코밥 쿠키앤크림 새상품 팝니다.,"26,000",구로미1,2025.06.01.
가공식품_기타,판매,[창원] 농심 너구리 큰사발 111g 14개,"14,000",들고양이,2025.05.31.
가공식품_기타,판매(안전),"[모두 미개봉] 산삼 쾌활고 100년 산삼청 + 도라지청, 제누 스테비아 단백질 커피믹스, 맥심 모카골드 아메리카노, 무궁화 천녹정 VVIP 세트, 톨앤핏 활력 아미노알파, 임꺽정 철갑상어, 진도농협 구기자진액 골드","2,000",아이사늘,2025.05.31.
가공식품_기타,판매(안전),새상품) 비밀의 사과 판도라 애사비 300g 판매,"6,300",오이이이잉잉,2025.05.31.
가공식품_기타,판매(안전),베트남 고급 제비집 선물세트 미개봉,"100,000",epicepic,2025.05.31.
가공식품_기타,완료,영라뉴 파비플로라,"18,000",엘라엘라엘라엘라,2025.05.31.
가공식품_기타,판매,에너지스쿱 위드링크러브 LYG러브유어거트 신바이오틱,"42,000",엘라엘라엘라엘라,2025.05.31.
가공식품_기타,판매,...테호코테..,"70,000",들풀처럼12,2025.05.31.
가공식품_기타,판매,국산 들기름 참기름 판매합니다,"17,000",농부땅올콩,2025.05.31.
가공식품_기타,완료,[내역 800건 이상] 성심당 망고시루 튀소등 각종 빵 구매해드립니다,"22,222",긴다오,2025.05.31.
가공식품_기타,판매,코스메쉐프 루피니빈 티 보틀 덤,"20,000",sysy08,2025.05.31.
가공식품_기타,판매,캄보디아 천연 유기농 팜슈가 세트,"18,000",woniB,2025.05.31.
가공식품_기타,판매,스팸 4개 세트 일괄,"100,000",바 이 어 스,2025.05.31.
가공식품_기타,판매(안전),제주도 하멜 치즈케이크 예약,"16,000",맛있는 제주,2025.05.31.
가공식품_기타,판매(안전),제주마음샌드 쿠키 땅콩4박스(택배비포함),"92,000",맛있는 제주,2025.05.31.
가공식품_기타,판매(안전),제주 마음샌드 쿠키 땅콩맛1+한라봉맛1=총2박스(택배비포함),"50,000",맛있는 제주,2025.05.31.
가공식품_기타,판매,[에블로히아] 유기농 엑스트라버진 올리브 오일 500ml,"45,000",soeunn,2025.05.31.
가공식품_기타,판매,천마보위 70 ml 30포 쇼핑백 포함 5박스 무료배송,"94,000",택배외불가,2025.05.31.
가공식품_기타,판매,테라로사 클래식 핫브루 커피,"15,000",skrhd91055,2025.05.31.
가공식품_기타,판매,유산균 5천원 개당 친구가 먹으라구 보내줌 50개 있음,"5,000",택배외문의사절합니다,2025.05.31.
가공식품_기타,판매,콘드로이친 상어연골 1200 6박스 무료배송 90정x6박스 박스당3개월분,"53,500",집안살림 정리중임,2025.05.31.
가공식품_기타,완료,롯데리아 데리버거 판매. 유통기한 오늘까지.1500원,"2,000",luck6096,2025.05.31.
가공식품_기타,판매,"타이밀크티 차뜨라므 티백,컵","12,000",풍요로운매일,2025.05.31.
가공식품_기타,판매,에블로히아 엑스트라 버진 올리브 오일,"45,000",김혜선,2025.05.31.
가공식품_기타,완료,정관장 화애락액티브미,"110,000",살빼고싶으다,2025.05.31.
가공식품_기타,판매(안전),쏠쏠유자 쌈장 4개 2만원,"20,000",uhon,2025.05.31.
가공식품_기타,판매(안전),티젠 콤부차 4가지맛 40개 0칼로리 유산균12종함유,"12,000",uhon,2025.05.31.
가공식품_기타,판매,쌀 판매합니다 [잡곡 및 찹쌀],"3,000",오에압스,2025.05.31.
가공식품_기타,판매,스타부르 고등어 스프레드 통조림 40g 20개 만원,"10,000",uhon,2025.05.31.
가공식품_기타,판매,마이해빗 프리미엄 효소습관 맥스 곡물맛,"30,000",Jennie1,2025.05.31.
가공식품_기타,판매,[무료]피자헛 포장 45% 배달 35% 할인쿠폰 무료 (포장 최대 19000원.배달 최대 15000원 할인),"2,000",I김곰돌I,2025.05.31.
가공식품_기타,판매,햇반 즉석밥 여러가지 210g × 23개 / 35개 ( 햇반 백미밥 흑미밥 오곡밥 현미밥 잡곡밥 찹쌀누릉지죽 ) 택포 23000원 / 택포 33000원,"23,000",중고나라채팅톡주세요,2025.05.31.
가공식품_기타,판매,"(새상품)뉴케어 캔서플랜,구수한맛,마이밀 뉴프로틴","29,000",glejflzjke,2025.05.31.
가공식품_기타,판매(안전),모르텐 에너지젤 160 (6개) 킵초게 에너지젤,"40,000",물개장이,2025.05.31.
가공식품_기타,판매,이야이야앤프렌즈 올리브오일 스틱형 + 잔 세트,"65,000",salfev,2025.05.31.
가공식품_기타,판매(안전),성심당 망고시루 망고롤 빵 케이크 등 전국배달서비스 [보냈심당] 전국ktx/버스 후기 최고/최다,"23,000",보냈심당 대전빵배달,2025.05.31.
가공식품_기타,판매,멜라토닌 구미,"10,000",thdud6020,2025.05.31.
가공식품_기타,판매,마루코메 건조형 콩고기 아주 싸게 팔아요. 2봉당 3천원. 비건 식물성 단백질 대체육 다이어트 음식 프로틴,"3,000",느릿게걷자,2025.05.31.
가공식품_기타,판매,채우닭실온닭가슴살,"2,000",꽃밍미,2025.05.31.
가공식품_기타,판매,자일리멜츠 민트프리 (슬라이트리 스위트) 40정 자일리톨사탕 붙이는 자일리톨 입마름 구강건조,"16,000",돈워리빅해피,2025.05.31.
가공식품_기타,판매,"맥심 화이트 커피 60개 +위생장갑50매5개 15,390원 무료 배송 팝니다.","15,390",LOVE2016,2025.05.31.
가공식품_기타,판매,발왕산 수국차 블랙 스페셜 에디션 (잎차2종+티백3종+티팟) 모나용평 수국잎차,"70,000",돈워리빅해피,2025.05.31.
가공식품_기타,판매,클레앙 포지에 밤잼ㅡ 크램드마롱,"9,000",초코땡맘,2025.05.31.
가공식품_기타,판매(안전),상록원 흑염소(3개월),"370,000",대박노사장,2025.05.31.
가공식품_기타,판매,경기미20킬로,"55,000",테무진과태무진,2025.05.31.
가공식품_기타,판매,자스민 녹차 100 티백,"10,000",Restless Heart,2025.05.31.
가공식품_기타,판매,스팸 클레식 300g 3개 + 런천미트 300g 1개 + 런천미트 340g 1개 + 런천미트 200g 2개 + 진라면순한맛 낱개 10개 + 펭권꽁치 보일드 400g 3만원 무료 배송 팝니다.,"30,000",LOVE2016,2025.05.31.
가공식품_기타,판매,진짜 양배추,"105,000",중고ㅡ나라,2025.05.31.
가공식품_기타,판매(안전),기업용 네스프레소캡슐 판매합니다.,"110,000",ruds****,2025.05.31.
가공식품_기타,판매(안전),기업용 네스프레소캡슐 판매합니다.,"110,000",ruds****,2025.05.31.
가공식품_기타,완료,보라지유 케어츄,"15,000",lxiiixl,2025.05.31.
가공식품_기타,판매,페이퍼백 참다래효소 80개,"70,000",lxiiixl,2025.05.31.
가공식품_기타,판매(안전),울릉도 호박젤리 1봉지 5천원,"5,000",맑은하늘 아래서,2025.05.31.
가공식품_기타,판매,내몸에 베지셀 메이킹 20팩 몽땅주스 건강한 야채주스 건강주스,"70,000",서울 노우원구,2025.05.31.
가공식품_기타,판매,산양삼충전소 장뇌삼 산양삼 액기스 즙 진액 30포 1박스 산삼의기운 원기회복,"120,000",서울 노우원구,2025.05.31.
가공식품_기타,판매,마루코메 건조형 콩고기 비건 식물성 단백질 프로틴 대체육 다이어트 음식,"20,000",애니멀30팩,2025.05.31.
가공식품_기타,판매,헤이김 곱창 김 선물세트 4g x 28개입 지주,"45,000",참 거시기하네,2025.05.31.
가공식품_기타,판매,노티드 구미 젤리 싸게 팔아요 2개 32000원->15000원,"15,000",민민,2025.05.31.
가공식품_기타,판매,듀오렉신 나비정 5박스 [미개봉],"100,000",아따,2025.05.31.
가공식품_기타,판매,정관장 홍삼 마누카꿀 30포,"65,000",salfev,2025.05.31.
가공식품_기타,판매,마두암육계차/무이암차/우롱차 249g(30포) 선물세트,"130,000",salfev,2025.05.31.
가공식품_기타,판매(안전),에너지스쿱 위드링크러브,"180,000",dana3519,2025.05.31.
가공식품_기타,판매,에이밍마켓 빵모닝 매먹쿠 매먹콘 일괄구매,"99,998",주민주민99,2025.05.31.
가공식품_기타,판매,에너지스쿱러브 낱개,"6,000",현현진진,2025.05.31.
가공식품_기타,판매,양구 벌꿀 2.4kg,"33,000",salfev,2025.05.31.
가공식품_기타,판매(안전),에이밍마켓 빵모닝 매먹쿠 매먹콘 구해요!!,"999,999",매먹꾸함,2025.05.31.
가공식품_기타,판매,정관장,"35,000",열공,2025.05.31.
가공식품_기타,판매(안전),메디슨벨마시는샐러드,"40,000",sooy1052,2025.05.31.
가공식품_기타,판매,위드잇 야채볼 2박스 (택포),"35,000",까까밍v,2025.05.31.
가공식품_기타,판매,서현이네 어린이햄 3개(택포),"10,000",까까밍v,2025.05.31.
가공식품_기타,판매,아가우드 침향환,"150,000",널 널,2025.05.31.
가공식품_기타,판매,베트남 아가우드 침향캡슐 35만원 특가,"350,000",DMJ123,2025.05.31.
가공식품_기타,완료,톡스웰 스파이크,"50,000",꽁블링v,2025.05.31.
가공식품_기타,예약중,시너지 일괄 판매,"35,000",달렴,2025.05.31.
가공식품_기타,판매,육개장 사발면 36개 17000원 판매해요 유통기한 11월까지 / 경기도 안양,"17,000",맛있는거좋은노래,2025.05.31.
가공식품_기타,판매,the 속편한 키위 키위 효소,"145,000",중고ㅡ나라,2025.05.31.
가공식품_기타,판매,키토케토 다크MCT 무설탕 다이어트초콜릿 나혼산 조이 초콜렛,"25,000",바닐라헤이즐,2025.05.31.
가공식품_기타,판매(안전),흰민들레즙,"27,000",항상감사맨,2025.05.31.
가공식품_기타,판매,뉴케어 커피맛 30개,"40,000",숲속다람쥐님,2025.05.31.
가공식품_기타,완료,이미나의 블래싱 스매싱바디,"145,000",nayanada,2025.05.31.
가공식품_기타,판매,칼로하스,"34,000",두방초코,2025.05.31.
가공식품_기타,판매(안전),"정녹삼 6년근 홍삼진액 밸런스 선물세트 25,000원에 판매합니다","25,000",언빌리버열정,2025.05.31.
가공식품_기타,판매(안전),"동의삼 발효홍삼스틱 선물세트 18,000원에 판매합니다","18,000",언빌리버열정,2025.05.31.
가공식품_기타,판매(안전),"한국삼 프리미엄데일리 녹용진 선물세트 18,000원에 판매합니다","18,000",언빌리버열정,2025.05.31.
가공식품_기타,판매(안전),바샤 커피 밀라노 모닝 새상품입니다.,"30,000",체포왕,2025.05.31.
가공식품_기타,판매(안전),모닝케어 숙취해소제,"25,000",핑크워너비,2025.05.31.
가공식품_기타,완료,"[미개봉새제품] 컵라면 종류별 모두다해서 7개일괄 = 단돈 6,900원","6,900",gagab,2025.05.31.
가공식품_기타,완료,"[미개봉새제품] 아몬드 프레이크5개 + 샌드웨이퍼16개 = 단돈 7,900원","7,900",gagab,2025.05.31.
가공식품_기타,완료,"[미개봉새제품] 포켓스낵 12개 = 단돈 7,900원","7,900",gagab,2025.05.31.
가공식품_기타,판매,미군전투식량,"60,000",고물장수126,2025.05.31.
가공식품_기타,완료,"일본과자,카레,라면 등 10종일괄13000원착불","13,000",투맘ㅇ,2025.05.31.
가공식품_기타,판매,JOMARA 데이트 위드 아몬드(250g),"20,000",Bruja,2025.05.31.
가공식품_기타,완료,돌체구스토 스타벅스커피캡슐(아이스아메리카노) 36개(3통),"15,000",행복한김양,2025.05.31.
가공식품_기타,완료,모닝케어 프레스온 밀크씨슬 10개,"13,000",뮤직,2025.05.31.
가공식품_기타,완료,"맥심 모카골드 마일드 커피믹스 160들이2상자 35,000원","35,000",어이거기너,2025.05.31.
가공식품_기타,판매(안전),"마산제과사 흑마 마산땅콩캬라멜 기획제품 [1,350g/309개입] (비규격 특별구성) - 01통","29,900",흑마 마산땅콩캬라멜,2025.05.31.
가공식품_기타,완료,매실품은효소 1박스+낱개22개(개봉) 택포,"20,000",모군모구,2025.05.31.
가공식품_기타,판매(안전),[내역 800건 이상] 성심당 망고시루 튀소등 각종 빵 구매해드립니다,"22,222",긴다오,2025.05.31.
가공식품_기타,완료,동원샘물 생수 무라벨 2L X 12병 (무료배송),"3,333",으라차아모네,2025.05.31.
가공식품_기타,완료,"TWG 티테디 라즈베리바닐라, 200g, 1개","40,000",욜롤롤로르,2025.05.31.
가공식품_기타,판매,크린손 위생장갑 50매 50개 34.500원 무료배송 팝니다.,"34,500",LOVE2016,2025.05.31.
가공식품_기타,판매,브라질산 프로폴리스 스프레이,"15,000",oksun7301,2025.05.31.
가공식품_기타,완료,이천쌀 20키로 팝니다,"45,000",sy트리플,2025.05.31.
가공식품_기타,판매,농심 신라면 봉지 총80봉 택포,"56,000",아잉나미키,2025.05.31.
가공식품_기타,판매,리치바나나칩 사바나나칩 코코넛칩 5봉 일괄 택포,"21,000",두두는내친구,2025.05.31.
가공식품_기타,판매(안전),밤꽃꿀 25포,"12,000",라온제나x,2025.05.31.
가공식품_기타,판매,태국 스낵 봉지 과자 간식 (개당 300원),"2,222",may321,2025.05.31.
가공식품_기타,판매,스크류콤푸.30마력.100만원.,"1,000,000",딸바보냐,2025.05.31.
가공식품_기타,판매(안전),정관장 천녹정편 60포 들이,"330,000",아라사시에이,2025.05.31.
가공식품_기타,판매(안전),성심당 망고시루 망고롤 망고타르트 그외 빵 전국배달[보냈심당],"23,000",보냈심당 대전빵배달,2025.05.31.
가공식품_기타,완료,키 크는 영양제 베네키드 트루업,"40,000",manysun,2025.05.31.
