상품명,가격,판매여부,날짜,시간,24시간이내,프로상점,광고,케어,무료배송,지역,URL,상품ID,세부카테고리ID,대분류,중분류,소분류
나이키 후드티 M,5000,판매중,2025.06.12,방금 전,✅,False,False,False,False,,https://m.bunjang.co.kr/products/328647609,328647609,310260700,여성의류,상의,후드티/후드집업
몽돌 크로셰 썸머 니트 후드 집업 라이트그레이,34000,판매중,2025.06.12,방금 전,✅,False,False,False,True,,https://m.bunjang.co.kr/products/338085074,338085074,310260700,여성의류,상의,후드티/후드집업
피터앤웬디 힙단가라후드집업,42000,판매중,2025.06.12,방금 전,✅,False,False,False,False,,https://m.bunjang.co.kr/products/329156164,329156164,310260700,여성의류,상의,후드티/후드집업
러브 피그 투웨이 후드 집업,41000,판매중,2025.06.12,방금 전,✅,False,False,False,True,,https://m.bunjang.co.kr/products/323686138,323686138,310260700,여성의류,상의,후드티/후드집업
블랙 검정 후드티 원가 42000 에이블리 무신사,20000,판매중,2025.06.12,방금 전,✅,False,False,False,False,,https://m.bunjang.co.kr/products/338488003,338488003,310260700,여성의류,상의,후드티/후드집업
빈티지 헬로키티 후드티 갸루키치핀터깔일본양산형지뢰계산리오고전,31000,판매중,2025.06.12,1분 전,✅,False,False,False,False,,https://m.bunjang.co.kr/products/328605218,328605218,310260700,여성의류,상의,후드티/후드집업
커버낫 어센틱 로고 후드집업,34000,판매중,2025.06.12,1분 전,✅,False,False,False,True,,https://m.bunjang.co.kr/products/296638871,296638871,310260700,여성의류,상의,후드티/후드집업
87mm 후드티 주황색 mmlg,40000,판매중,2025.06.12,1분 전,✅,False,False,False,True,,https://m.bunjang.co.kr/products/292717392,292717392,310260700,여성의류,상의,후드티/후드집업
나이스고스트클럽 후드티,30000,판매중,2025.06.12,2분 전,✅,False,False,False,False,,https://m.bunjang.co.kr/products/288205507,288205507,310260700,여성의류,상의,후드티/후드집업
챔피온 MOMA 후드티 택채 새상품 (S),110000,판매중,2025.06.12,2분 전,✅,False,False,False,False,,https://m.bunjang.co.kr/products/338277599,338277599,310260700,여성의류,상의,후드티/후드집업
투웨이 후드집업,20720,판매중,2025.06.12,2분 전,✅,False,False,False,False,,https://m.bunjang.co.kr/products/338302206,338302206,310260700,여성의류,상의,후드티/후드집업
여성 핑크 크롭 후드집업,4000,판매중,2025.06.12,4분 전,✅,False,False,False,False,,https://m.bunjang.co.kr/products/338984353,338984353,310260700,여성의류,상의,후드티/후드집업
카비시 별 크롭 후드티,21000,판매중,2025.06.12,5분 전,✅,False,False,False,False,,https://m.bunjang.co.kr/products/336755900,336755900,310260700,여성의류,상의,후드티/후드집업
로레일즈 반팔 후드집업,40000,판매중,2025.06.12,5분 전,✅,False,False,False,False,,https://m.bunjang.co.kr/products/338621547,338621547,310260700,여성의류,상의,후드티/후드집업
999휴머니티 소프트 후드 (다크 그린) 1(S) 사이즈,65000,판매중,2025.06.12,5분 전,✅,False,False,False,True,,https://m.bunjang.co.kr/products/338984055,338984055,310260700,여성의류,상의,후드티/후드집업
플리즈노팔로우 스냅 버튼 후디,40000,판매중,2025.06.12,6분 전,✅,False,False,False,False,,https://m.bunjang.co.kr/products/288902502,288902502,310260700,여성의류,상의,후드티/후드집업
노스페이스 로고 여성 후드집업 m,25000,판매중,2025.06.12,6분 전,✅,False,False,False,False,,https://m.bunjang.co.kr/products/330252402,330252402,310260700,여성의류,상의,후드티/후드집업
여성 크롭 검정 후드집업,4000,판매중,2025.06.12,6분 전,✅,False,False,False,False,,https://m.bunjang.co.kr/products/338983980,338983980,310260700,여성의류,상의,후드티/후드집업
에이블리 누아브 후드집업,19000,판매중,2025.06.12,6분 전,✅,False,False,False,False,,https://m.bunjang.co.kr/products/315295017,315295017,310260700,여성의류,상의,후드티/후드집업
양홍원 착용 홀리스터 후드집업,69000,판매중,2025.06.12,7분 전,✅,False,False,False,False,,https://m.bunjang.co.kr/products/301115277,301115277,310260700,여성의류,상의,후드티/후드집업
챔피온 정품 검정 후드집업,5000,판매중,2025.06.12,7분 전,✅,False,False,False,False,,https://m.bunjang.co.kr/products/338983714,338983714,310260700,여성의류,상의,후드티/후드집업
아캄 후드집업 브라운 2,65000,판매중,2025.06.12,7분 전,✅,False,False,False,True,,https://m.bunjang.co.kr/products/338983656,338983656,310260700,여성의류,상의,후드티/후드집업
후드집업,21000,판매중,2025.06.12,8분 전,✅,False,False,False,False,,https://m.bunjang.co.kr/products/309123554,309123554,310260700,여성의류,상의,후드티/후드집업
챔피온 후드집업,20000,판매중,2025.06.12,9분 전,✅,False,False,False,False,,https://m.bunjang.co.kr/products/315480700,315480700,310260700,여성의류,상의,후드티/후드집업
흰색 후드집업,4000,판매중,2025.06.12,9분 전,✅,False,False,False,False,경기도 광명시 소하2동,https://m.bunjang.co.kr/products/325965378,325965378,310260700,여성의류,상의,후드티/후드집업
스파오 후드티,4500,판매중,2025.06.12,9분 전,✅,False,False,False,False,경기도 광명시 소하2동,https://m.bunjang.co.kr/products/322846958,322846958,310260700,여성의류,상의,후드티/후드집업
스파오 후드티,4500,판매중,2025.06.12,9분 전,✅,False,False,False,False,경기도 광명시 소하2동,https://m.bunjang.co.kr/products/322846800,322846800,310260700,여성의류,상의,후드티/후드집업
탑텐 네이비 후드티,3500,판매중,2025.06.12,9분 전,✅,False,False,False,False,경기도 광명시 소하2동,https://m.bunjang.co.kr/products/315843875,315843875,310260700,여성의류,상의,후드티/후드집업
초록 후드집업,6000,판매중,2025.06.12,9분 전,✅,False,False,False,False,경기도 광명시 소하2동,https://m.bunjang.co.kr/products/315843079,315843079,310260700,여성의류,상의,후드티/후드집업
아캄 Studded Cross Hooded Long Sleeve,50000,판매중,2025.06.12,9분 전,✅,False,False,False,False,,https://m.bunjang.co.kr/products/334358079,334358079,310260700,여성의류,상의,후드티/후드집업
나이키 드라이핏 러닝 후드집업,15000,판매중,2025.06.12,9분 전,✅,True,False,False,False,,https://m.bunjang.co.kr/products/329724121,329724121,310260700,여성의류,상의,후드티/후드집업
데상트 그레이 후드집업,15000,판매중,2025.06.12,9분 전,✅,True,False,False,False,,https://m.bunjang.co.kr/products/328690073,328690073,310260700,여성의류,상의,후드티/후드집업
무아무아 그레이 공용 후드집업 Free,12000,판매중,2025.06.12,9분 전,✅,True,False,False,False,,https://m.bunjang.co.kr/products/327775438,327775438,310260700,여성의류,상의,후드티/후드집업
커버낫 후드티 M,10000,판매중,2025.06.12,10분 전,✅,False,False,False,False,경상북도 포항시 남구 해도동,https://m.bunjang.co.kr/products/254629809,254629809,310260700,여성의류,상의,후드티/후드집업
에이블리 니트 꽈베기 후드 집업 그레이,7000,판매중,2025.06.12,10분 전,✅,False,False,False,False,,https://m.bunjang.co.kr/products/323422671,323422671,310260700,여성의류,상의,후드티/후드집업
딸기부티크 유랜 벨벳 투웨이 y2k 후드집업 쿄이,35000,판매중,2025.06.12,10분 전,✅,False,False,False,False,,https://m.bunjang.co.kr/products/337033150,337033150,310260700,여성의류,상의,후드티/후드집업
글로니 GY 후드 검정,85000,판매중,2025.06.12,11분 전,✅,False,False,False,False,,https://m.bunjang.co.kr/products/329316244,329316244,310260700,여성의류,상의,후드티/후드집업
세릭 터틀넥 집업 블랙,95000,판매중,2025.06.12,11분 전,✅,False,False,False,False,,https://m.bunjang.co.kr/products/319042367,319042367,310260700,여성의류,상의,후드티/후드집업
아더에러 후드집업 s사이즈,170000,판매중,2025.06.12,12분 전,✅,False,False,False,False,,https://m.bunjang.co.kr/products/337360856,337360856,310260700,여성의류,상의,후드티/후드집업
나이키 후드집업,30000,판매중,2025.06.12,12분 전,✅,False,False,False,False,,https://m.bunjang.co.kr/products/333043988,333043988,310260700,여성의류,상의,후드티/후드집업
스컬프터 폴라텍 리버시블 집업 후디 블랙 m,50000,판매중,2025.06.12,13분 전,✅,False,False,False,False,인천광역시 서구 원당동,https://m.bunjang.co.kr/products/309953319,309953319,310260700,여성의류,상의,후드티/후드집업
미치코런던 빈티지집업,21000,판매중,2025.06.12,15분 전,✅,False,False,False,False,서울특별시 강서구 등촌제1동,https://m.bunjang.co.kr/products/306242879,306242879,310260700,여성의류,상의,후드티/후드집업
KOR 후드집업 새상품,73000,판매중,2025.06.12,15분 전,✅,False,False,False,False,서울특별시 강남구 압구정동,https://m.bunjang.co.kr/products/262024271,262024271,310260700,여성의류,상의,후드티/후드집업
Tommy Hilfiger 후리스 반집업,59000,판매중,2025.06.12,15분 전,✅,False,False,False,False,,https://m.bunjang.co.kr/products/204840395,204840395,310260700,여성의류,상의,후드티/후드집업
조거쉬 후드집업,52250,판매중,2025.06.12,15분 전,✅,False,False,False,True,서울특별시 서대문구 신촌동,https://m.bunjang.co.kr/products/334906566,334906566,310260700,여성의류,상의,후드티/후드집업
아이앱 오베이 오세나 후드 m(극미중고),280000,판매중,2025.06.12,15분 전,✅,False,False,False,True,,https://m.bunjang.co.kr/products/219268456,219268456,310260700,여성의류,상의,후드티/후드집업
미스치프 블리치드 후드티 M 팔아요,72000,판매중,2025.06.12,16분 전,✅,False,False,False,False,,https://m.bunjang.co.kr/products/325599503,325599503,310260700,여성의류,상의,후드티/후드집업
패슬 호접몽 후드티 L,30000,판매중,2025.06.12,16분 전,✅,False,False,False,False,,https://m.bunjang.co.kr/products/314666322,314666322,310260700,여성의류,상의,후드티/후드집업
널디 우먼스 NY 벨벳 크롭 후디 트랙 탑 차콜,45000,판매중,2025.06.12,17분 전,✅,False,False,False,False,경기도 수원시 장안구 정자2동,https://m.bunjang.co.kr/products/252954934,252954934,310260700,여성의류,상의,후드티/후드집업
데상트 여성  집업 90,23000,판매중,2025.06.12,18분 전,✅,True,False,False,False,,https://m.bunjang.co.kr/products/325438857,325438857,310260700,여성의류,상의,후드티/후드집업
아디다스 크롭 후드티 네이비 라지,18000,판매중,2025.06.12,19분 전,✅,False,False,False,False,,https://m.bunjang.co.kr/products/320020158,320020158,310260700,여성의류,상의,후드티/후드집업
oder 오디에르 linencotton slab hood-blue gre,45000,판매중,2025.06.12,20분 전,✅,False,False,False,False,경기도 의왕시 오전동,https://m.bunjang.co.kr/products/257839424,257839424,310260700,여성의류,상의,후드티/후드집업
아디다스후드티 (M),18000,판매중,2025.06.12,21분 전,✅,False,False,False,True,,https://m.bunjang.co.kr/products/290846065,290846065,310260700,여성의류,상의,후드티/후드집업
베이프 녹계 카모 후드집업,440000,판매중,2025.06.12,21분 전,✅,False,False,False,False,,https://m.bunjang.co.kr/products/321169312,321169312,310260700,여성의류,상의,후드티/후드집업
[르꼬끄] Lecoq 비뮈에트 x 르꼬끄 레드 숏 후드티 90,67000,판매중,2025.06.12,21분 전,✅,False,False,False,False,,https://m.bunjang.co.kr/products/338980567,338980567,310260700,여성의류,상의,후드티/후드집업
미스치프 RHOMBUS KNIT HOODIE-BLACK,74000,판매중,2025.06.12,22분 전,✅,False,False,False,False,,https://m.bunjang.co.kr/products/309361242,309361242,310260700,여성의류,상의,후드티/후드집업
아디다스 후드집업,10000,판매중,2025.06.12,22분 전,✅,False,False,False,False,,https://m.bunjang.co.kr/products/338356218,338356218,310260700,여성의류,상의,후드티/후드집업
성균관대 후드티 후드,20000,판매중,2025.06.12,22분 전,✅,False,False,False,False,경기도 수원시 장안구 율천동,https://m.bunjang.co.kr/products/335624595,335624595,310260700,여성의류,상의,후드티/후드집업
무아무아 검정 후드티,10000,판매중,2025.06.12,22분 전,✅,False,False,False,False,,https://m.bunjang.co.kr/products/296426314,296426314,310260700,여성의류,상의,후드티/후드집업
아디다스 후드티 L,8000,판매중,2025.06.12,23분 전,✅,False,False,False,False,,https://m.bunjang.co.kr/products/264014305,264014305,310260700,여성의류,상의,후드티/후드집업
검정/하늘 후드티 90-95사이즈,2000,판매중,2025.06.12,24분 전,✅,False,False,False,False,광주광역시 서구 상무2동,https://m.bunjang.co.kr/products/326986482,326986482,310260700,여성의류,상의,후드티/후드집업
에이프릴에잇 후드집업 버건디,12000,판매중,2025.06.12,24분 전,✅,False,False,False,False,,https://m.bunjang.co.kr/products/338980086,338980086,310260700,여성의류,상의,후드티/후드집업
우알롱 후드집업 그레이 s,49000,판매중,2025.06.12,24분 전,✅,False,False,False,False,전북특별자치도 전주시 덕진구 금암1동,https://m.bunjang.co.kr/products/315243283,315243283,310260700,여성의류,상의,후드티/후드집업
lee 후드티 s사이즈(루즈한핏),29000,판매중,2025.06.12,24분 전,✅,False,False,False,True,전북특별자치도 전주시 덕진구 금암1동,https://m.bunjang.co.kr/products/307385932,307385932,310260700,여성의류,상의,후드티/후드집업
고걸 반팔후드 크림색상,25000,판매중,2025.06.12,25분 전,✅,False,False,False,True,서울특별시 강서구 공항동,https://m.bunjang.co.kr/products/229521961,229521961,310260700,여성의류,상의,후드티/후드집업
발렌시아가 see now buy now 후드 SNBN,800000,판매중,2025.06.12,25분 전,✅,False,False,True,False,,https://m.bunjang.co.kr/products/279218570,279218570,310260700,여성의류,상의,후드티/후드집업
더바넷 스너글 리버시블 후드 자켓 블랙,99000,판매중,2025.06.12,25분 전,✅,False,False,False,False,,https://m.bunjang.co.kr/products/330765494,330765494,310260700,여성의류,상의,후드티/후드집업
애니원모어 코디세트,33000,판매중,2025.06.12,26분 전,✅,False,False,False,False,경기도 화성시 동탄6동,https://m.bunjang.co.kr/products/258076308,258076308,310260700,여성의류,상의,후드티/후드집업
오아이오아이 후드티 라이트그레이,40000,판매중,2025.06.12,26분 전,✅,False,False,False,False,,https://m.bunjang.co.kr/products/335478004,335478004,310260700,여성의류,상의,후드티/후드집업
킴즈서울 킴서울 로고 후드집업 블랙,95000,판매중,2025.06.12,27분 전,✅,False,False,False,False,,https://m.bunjang.co.kr/products/335351122,335351122,310260700,여성의류,상의,후드티/후드집업
힐다 hillda 레이스 엠브로이더리 후드집업 아이보리,58000,판매중,2025.06.12,27분 전,✅,False,False,False,False,,https://m.bunjang.co.kr/products/329123919,329123919,310260700,여성의류,상의,후드티/후드집업
하나모토 빈티지 핑크 벨벳 후드집업,30000,판매중,2025.06.12,27분 전,✅,False,False,False,False,,https://m.bunjang.co.kr/products/318638613,318638613,310260700,여성의류,상의,후드티/후드집업
(급처)[s]아디다스 후드집업,43000,판매중,2025.06.12,28분 전,✅,False,False,False,False,,https://m.bunjang.co.kr/products/337127325,337127325,310260700,여성의류,상의,후드티/후드집업
미스치프 사이드 버튼 업 크롭 후드 워시드 차콜 (S),33000,판매중,2025.06.12,28분 전,✅,True,False,False,False,,https://m.bunjang.co.kr/products/333645127,333645127,310260700,여성의류,상의,후드티/후드집업
마리떼 후드티 m,69800,판매중,2025.06.12,28분 전,✅,False,False,False,False,서울특별시 은평구 녹번동,https://m.bunjang.co.kr/products/309082952,309082952,310260700,여성의류,상의,후드티/후드집업
타미 후드집업,15000,판매중,2025.06.12,28분 전,✅,False,False,False,False,,https://m.bunjang.co.kr/products/333853173,333853173,310260700,여성의류,상의,후드티/후드집업
헤이그 핑크 후드 새상품,39000,판매중,2025.06.12,29분 전,✅,False,False,False,False,,https://m.bunjang.co.kr/products/332643055,332643055,310260700,여성의류,상의,후드티/후드집업
미스치프 트랙 하프 후드집업,39900,판매중,2025.06.12,29분 전,✅,False,False,False,True,,https://m.bunjang.co.kr/products/338582565,338582565,310260700,여성의류,상의,후드티/후드집업
미스치프 트랙 하프 후드집업,44000,판매중,2025.06.12,29분 전,✅,False,False,False,True,,https://m.bunjang.co.kr/products/338447363,338447363,310260700,여성의류,상의,후드티/후드집업
새상품)무신사 데이지 후드집업(공용),43000,판매중,2025.06.12,29분 전,✅,False,False,False,False,,https://m.bunjang.co.kr/products/324434727,324434727,310260700,여성의류,상의,후드티/후드집업
M90 PANCOAT Kor 반팔 후드티 블랙 M-912,6000,판매중,2025.06.12,29분 전,✅,True,False,False,False,,https://m.bunjang.co.kr/products/338978978,338978978,310260700,여성의류,상의,후드티/후드집업
"노멜렛 트레블러 후드집업, 아이비 스웻쇼츠 팔아요!",119000,판매중,2025.06.12,30분 전,✅,False,False,False,False,,https://m.bunjang.co.kr/products/306321340,306321340,310260700,여성의류,상의,후드티/후드집업
로우클래식 LC 집업 후디 S 새상품,70000,판매중,2025.06.12,30분 전,✅,False,False,False,False,서울특별시 성동구 성수2가제1동,https://m.bunjang.co.kr/products/338978882,338978882,310260700,여성의류,상의,후드티/후드집업
고양이 Franken 후드티,16500,판매중,2025.06.12,30분 전,✅,False,False,False,False,,https://m.bunjang.co.kr/products/338978846,338978846,310260700,여성의류,상의,후드티/후드집업
원트제이 일레인 기모 후드점퍼 가디건 단추 후드집업,12000,판매중,2025.06.12,31분 전,✅,False,False,False,False,대구광역시 달서구 월성1동,https://m.bunjang.co.kr/products/280321402,280321402,310260700,여성의류,상의,후드티/후드집업
에이블리 꼼파뇨 후드티 블랙 교신가능,38000,판매중,2025.06.12,32분 전,✅,False,False,False,False,,https://m.bunjang.co.kr/products/337329675,337329675,310260700,여성의류,상의,후드티/후드집업
에이블리 오버핏 롱 니트 후드집업 교신가능,17000,판매중,2025.06.12,32분 전,✅,False,False,False,False,,https://m.bunjang.co.kr/products/319141586,319141586,310260700,여성의류,상의,후드티/후드집업
아디다스 감귤초코 브라운 오렌지 후드플락 후드집업,75000,판매중,2025.06.12,32분 전,✅,False,False,False,False,,https://m.bunjang.co.kr/products/337842633,337842633,310260700,여성의류,상의,후드티/후드집업
나이키 후드집업,55000,판매중,2025.06.12,34분 전,✅,False,False,False,False,,https://m.bunjang.co.kr/products/324553031,324553031,310260700,여성의류,상의,후드티/후드집업
