카테고리,제목,가격,판매상태,판매자등급,escrow,판매중,작성자,작성일자,URL,article_id
미용_향수,국문택 미개봉] 바이레도 렌드뉘 50미리 나이트베일 컬렉션,"200,000",SALE,중고나라 회원,False,True,ffwldyd,2025-06-04,https://cafe.naver.com/ArticleRead.nhn?clubid=10050146&articleid=1107594697,1107594697
미용_향수,미개봉 국문택] 아르마니 프리베 상탈 단샤 50미리,"90,000",SOLD_OUT,중고나라 회원,False,False,ffwldyd,2025-06-04,https://cafe.naver.com/ArticleRead.nhn?clubid=10050146&articleid=1107594667,1107594667
미용_향수,국문택 정품] 퍼퓸드말리 페가수스 75미리,"135,000",SOLD_OUT,중고나라 회원,False,False,ffwldyd,2025-06-04,https://cafe.naver.com/ArticleRead.nhn?clubid=10050146&articleid=1107594652,1107594652
미용_향수,단종 국문택] 마크제이콥스 레인 100미리,"140,000",SOLD_OUT,중고나라 회원,False,False,ffwldyd,2025-06-04,https://cafe.naver.com/ArticleRead.nhn?clubid=10050146&articleid=1107594634,1107594634
미용_향수,딥티크 오르페옹 75ml,"135,000",SOLD_OUT,인증+안전거래 회원,True,False,liiiliillli,2025-06-04,https://cafe.naver.com/ArticleRead.nhn?clubid=10050146&articleid=1107594483,1107594483
미용_향수,유쏘풀 엠포리아 코튼 50ml 판매,"30,000",SALE,본인인증 회원,False,True,엄피카,2025-06-04,https://cafe.naver.com/ArticleRead.nhn?clubid=10050146&articleid=1107593689,1107593689
미용_향수,아쿠아디파르마 본조르노 100ml 50ml 백화점 국문택 새상품,"190,000",SALE,중고나라 회원,False,True,향기러브,2025-06-04,https://cafe.naver.com/ArticleRead.nhn?clubid=10050146&articleid=1107593511,1107593511
미용_향수,구찌 향수 알케미스트 가든 문라이트 세레나데 150ml 맑은 라벤더향,"270,000",SALE,중고나라 회원,False,True,Truetowhoyouare,2025-06-04,https://cafe.naver.com/ArticleRead.nhn?clubid=10050146&articleid=1107593340,1107593340
미용_향수,르라보 어나더13 50ml 10번내외 뿌림,"150,000",ESCROW,중고나라 회원,True,True,미르걸,2025-06-04,https://cafe.naver.com/ArticleRead.nhn?clubid=10050146&articleid=1107593254,1107593254
미용_향수,크리드 엘라다리아 국문택,"380,000",SALE,본인인증 회원,False,True,장미향수좋아,2025-06-04,https://cafe.naver.com/ArticleRead.nhn?clubid=10050146&articleid=1107593165,1107593165
미용_향수,다니엘 맥캔지 밤쉘 핸드크림 Bombshell,"21,000",SALE,중고나라 회원,False,True,clamblerere,2025-06-04,https://cafe.naver.com/ArticleRead.nhn?clubid=10050146&articleid=1107591963,1107591963
미용_향수,메종 마르지엘라 언타이틀 100ml 미개봉 정품,"265,000",SALE,인증+안전거래 회원,False,True,오리탕탕탕,2025-06-04,https://cafe.naver.com/ArticleRead.nhn?clubid=10050146&articleid=1107591176,1107591176
미용_향수,에따 리브르 도랑쥬 엑시트더킹 오드퍼퓸 50ml 국문택,"65,000",SOLD_OUT,중고나라 회원,False,False,듀레익스,2025-06-04,https://cafe.naver.com/ArticleRead.nhn?clubid=10050146&articleid=1107590875,1107590875
미용_향수,"샤넬 레젝 1957 ,가드니아 비스포크 35미리 택포","195,000",SALE,인증+안전거래 회원,False,True,PORSCHE78,2025-06-04,https://cafe.naver.com/ArticleRead.nhn?clubid=10050146&articleid=1107590569,1107590569
미용_향수,미개봉 반클리프 향수 앰버 임ㅍㅔ리얼 EDP 75ml,"90,000",ESCROW,중고나라 회원,True,True,NamBS,2025-06-04,https://cafe.naver.com/ArticleRead.nhn?clubid=10050146&articleid=1107590369,1107590369
미용_향수,르라보 상탈33 100ml,"220,000",ESCROW,중고나라 회원,True,True,Zlatano,2025-06-04,https://cafe.naver.com/ArticleRead.nhn?clubid=10050146&articleid=1107590118,1107590118
미용_향수,(미개봉)디올향수 미스 디올 블루밍 부케 오드 뚜왈렛 100ml + 여행용 10ml(리필가능),"180,000",SALE,본인인증 회원,False,True,deu01118,2025-06-04,https://cafe.naver.com/ArticleRead.nhn?clubid=10050146&articleid=1107589685,1107589685
미용_향수,논픽션 포겟미낫 30ml 새상품,"40,000",SALE,본인인증 회원,False,True,lazybone82,2025-06-04,https://cafe.naver.com/ArticleRead.nhn?clubid=10050146&articleid=1107589525,1107589525
미용_향수,"딥디크 탐다오, 플레르드뽀 75ml 100ml 오드뚜왈렛 오드퍼퓸","75,000",ESCROW,중고나라 회원,True,True,NamBS,2025-06-04,https://cafe.naver.com/ArticleRead.nhn?clubid=10050146&articleid=1107589490,1107589490
미용_향수,보어스 퍼퓸 에러404 50ml 새제품 팝니다,"85,000",SALE,본인인증 회원,False,True,까까주세요,2025-06-04,https://cafe.naver.com/ArticleRead.nhn?clubid=10050146&articleid=1107589175,1107589175
미용_향수,메종 마르지엘라 비치워크 향수,"20,000",SOLD_OUT,인증+안전거래 회원,False,False,v찐찐v,2025-06-04,https://cafe.naver.com/ArticleRead.nhn?clubid=10050146&articleid=1107589028,1107589028
미용_향수,[국문택] 조말론 피오니 앤 블러쉬 스웨이드 코롱 50ML,"70,000",SALE,인증+안전거래 회원,False,True,더운돼지바,2025-06-04,https://cafe.naver.com/ArticleRead.nhn?clubid=10050146&articleid=1107588717,1107588717
미용_향수,디올 옴므 인텐스 edp 50ml 국문택,"70,000",SOLD_OUT,인증+안전거래 회원,True,False,닭다리는진리,2025-06-04,https://cafe.naver.com/ArticleRead.nhn?clubid=10050146&articleid=1107588505,1107588505
미용_향수,디올 - 디올 옴므 퍼퓸 100ml 미개봉,"4,949",SALE,중고나라 회원,False,True,soisire727,2025-06-04,https://cafe.naver.com/ArticleRead.nhn?clubid=10050146&articleid=1107586796,1107586796
미용_향수,톰포드 만다리노 디 아말피 공병 팝니다.,"24,000",SOLD_OUT,중고나라 회원,True,False,뮹뮤우,2025-06-04,https://cafe.naver.com/ArticleRead.nhn?clubid=10050146&articleid=1107586105,1107586105
미용_향수,밀러해리스 - 이드라휘그 50ml (국문택),"100,000",SALE,인증+안전거래 회원,False,True,sanivel,2025-06-04,https://cafe.naver.com/ArticleRead.nhn?clubid=10050146&articleid=1107585878,1107585878
미용_향수,르라보 상탈33,"130,000",SALE,본인인증 회원,False,True,착하게 살다보면,2025-06-04,https://cafe.naver.com/ArticleRead.nhn?clubid=10050146&articleid=1107585730,1107585730
미용_향수,다니엘트루스 오일 퍼퓸 밤쉘 10ml,"2,222",SALE,인증+안전거래 회원,False,True,코니aa,2025-06-04,https://cafe.naver.com/ArticleRead.nhn?clubid=10050146&articleid=1107584741,1107584741
미용_향수,택포 11.5 메종 프란시스 커정 아폼 35ml 국문라벨,"115,000",SALE,중고나라 회원,False,True,yonayoyo,2025-06-04,https://cafe.naver.com/ArticleRead.nhn?clubid=10050146&articleid=1107584651,1107584651
미용_향수,[가격인하]설화수샘플 설화수기초샘플 설화수스킨로션샘플 자음생 진설에센스 아이크림 6세대윤조에센스 자음생세럼 개선2종세트 탄력영양크림 더후샘플 오휘샘플 더퍼스트제네츄어 숨37샘플 시크릿ex 화장품샘플,"2,000",ESCROW,◆셀러회원◆,True,True,찹찹탄력,2025-06-04,https://cafe.naver.com/ArticleRead.nhn?clubid=10050146&articleid=1107582995,1107582995
미용_향수,러쉬 빅 바디스프레이 200ml,"55,000",SALE,본인인증 회원,False,True,vanillaman,2025-06-04,https://cafe.naver.com/ArticleRead.nhn?clubid=10050146&articleid=1107581090,1107581090
미용_향수,디올 블루밍 부케 새상품 입니다.,"55,000",ESCROW,본인인증 회원,True,True,sweetjimmy,2025-06-04,https://cafe.naver.com/ArticleRead.nhn?clubid=10050146&articleid=1107580462,1107580462
미용_향수,"미스 디올 블루밍부케 & 어딕트 립글로스 세트 (미개봉, 새제품)","84,000",ESCROW,본인인증 회원,True,True,sweetjimmy,2025-06-04,https://cafe.naver.com/ArticleRead.nhn?clubid=10050146&articleid=1107580429,1107580429
미용_향수,미스 디올 롤러 펄 오 드 뚜왈렛,"50,000",SOLD_OUT,본인인증 회원,True,False,sweetjimmy,2025-06-04,https://cafe.naver.com/ArticleRead.nhn?clubid=10050146&articleid=1107580376,1107580376
미용_향수,반얀트리 인센스 스틱 & 홀더 판매합니다,"150,000",ESCROW,본인인증 회원,True,True,kihon,2025-06-04,https://cafe.naver.com/ArticleRead.nhn?clubid=10050146&articleid=1107580368,1107580368
미용_향수,바이레도 미니어처 8ml 블랑쉬 모하비고스트 발다프리크 로노맨 뭄바이노이즈,"35,000",SALE,중고나라 회원,False,True,voss33,2025-06-04,https://cafe.naver.com/ArticleRead.nhn?clubid=10050146&articleid=1107579806,1107579806
미용_향수,아쿠아 디 파르마 오스만투스 100ml 백화점구입,"380,000",SOLD_OUT,중고나라 회원,False,False,성원프린세스,2025-06-04,https://cafe.naver.com/ArticleRead.nhn?clubid=10050146&articleid=1107579332,1107579332
미용_향수,포맨트 시그니처퍼퓸 코튼366 새상품,"27,000",SALE,중고나라 회원,False,True,기다리고있는중,2025-06-04,https://cafe.naver.com/ArticleRead.nhn?clubid=10050146&articleid=1107578914,1107578914
미용_향수,새상품)러쉬 수퍼밀크 해피히피 더티스프링워시 아메리칸크림 올리브브랜치 바이올렛크림 인터갈락티 허니아이워쉬드 더키즈,"35,000",SALE,중고나라 회원,False,True,iouup,2025-06-04,https://cafe.naver.com/ArticleRead.nhn?clubid=10050146&articleid=1107578249,1107578249
미용_향수,노암 센슈얼 우디향향수 텀블벅향수 오드퍼퓸 50ml 새상품 판매합니다.,"30,000",SALE,중고나라 회원,False,True,나크나크하게,2025-06-04,https://cafe.naver.com/ArticleRead.nhn?clubid=10050146&articleid=1107578248,1107578248
미용_향수,"샤넬 바디오일 ,바디로션,향수 (정품)판매합니다 총25만원에 판매합니다","250,000",ESCROW,인증+안전거래 회원,True,True,사인사색,2025-06-04,https://cafe.naver.com/ArticleRead.nhn?clubid=10050146&articleid=1107577966,1107577966
미용_향수,조말론향수 세트 ~~~21개,"290,000",ESCROW,중고나라 회원,True,True,BMW740Li,2025-06-04,https://cafe.naver.com/ArticleRead.nhn?clubid=10050146&articleid=1107577920,1107577920
미용_향수,톰포드 오드우드 100ml 싸게 팝니다,"230,000",ESCROW,본인인증 회원,True,True,jusrkek,2025-06-04,https://cafe.naver.com/ArticleRead.nhn?clubid=10050146&articleid=1107577757,1107577757
미용_향수,엑스니힐로 더 헤도니스트,"102,000",SOLD_OUT,본인인증 회원,False,False,사소한부탁,2025-06-04,https://cafe.naver.com/ArticleRead.nhn?clubid=10050146&articleid=1107577184,1107577184
미용_향수,엑스니힐로 블루탈리스만 100ml,"260,000",SOLD_OUT,중고나라 회원,False,False,푸른별빛마음,2025-06-04,https://cafe.naver.com/ArticleRead.nhn?clubid=10050146&articleid=1107576532,1107576532
미용_향수,샤넬 레드 까멜리아 N1 향수 판매해요,"12,345",SOLD_OUT,인증+안전거래 회원,False,False,강이냥이,2025-06-04,https://cafe.naver.com/ArticleRead.nhn?clubid=10050146&articleid=1107575794,1107575794
미용_향수,샤넬 꼬로망델 오드 빠르펭 75ml,"200,000",SALE,중고나라 회원,False,True,푸른별빛마음,2025-06-04,https://cafe.naver.com/ArticleRead.nhn?clubid=10050146&articleid=1107575717,1107575717
미용_향수,"[국문라벨, 쿨거 시 택포] 바이레도 나이트베일 카사블랑카 릴리 익스트레잇 50ml","2,222",SOLD_OUT,본인인증 회원,False,False,죠랭잉ㅇ,2025-06-04,https://cafe.naver.com/ArticleRead.nhn?clubid=10050146&articleid=1107575117,1107575117
미용_향수,클린 퓨어솝 60ml,"39,000",SALE,본인인증 회원,False,True,루이구찌좋아,2025-06-04,https://cafe.naver.com/ArticleRead.nhn?clubid=10050146&articleid=1107574647,1107574647
미용_향수,겔랑 향수 정리합니다(1),"10,000",SALE,인증+안전거래 회원,False,True,EESF,2025-06-04,https://cafe.naver.com/ArticleRead.nhn?clubid=10050146&articleid=1107574639,1107574639
미용_향수,킬리안 러브돈비샤이 50ml,"140,000",SOLD_OUT,중고나라 회원,False,False,푸른별빛마음,2025-06-04,https://cafe.naver.com/ArticleRead.nhn?clubid=10050146&articleid=1107574475,1107574475
미용_향수,"람보르기니 향수 에센자 125ml, 인빈서블 125ml","28,000",SALE,본인인증 회원,False,True,안뇽하떼요,2025-06-04,https://cafe.naver.com/ArticleRead.nhn?clubid=10050146&articleid=1107573770,1107573770
미용_향수,지방시 드지방시 엉플램 100ml,"180,000",SOLD_OUT,중고나라 회원,False,False,푸른별빛마음,2025-06-04,https://cafe.naver.com/ArticleRead.nhn?clubid=10050146&articleid=1107573618,1107573618
미용_향수,바이레도 모하비고스트,"80,000",SALE,중고나라 회원,False,True,긍쟝이,2025-06-04,https://cafe.naver.com/ArticleRead.nhn?clubid=10050146&articleid=1107573258,1107573258
미용_향수,내가 죽기로 결심한 것은 차결 향수 명찰 학생증 굿즈,"53,000",SALE,중고나라 회원,False,True,거래707,2025-06-04,https://cafe.naver.com/ArticleRead.nhn?clubid=10050146&articleid=1107573045,1107573045
미용_향수,시로 프리지아 미스트 오드 퍼퓸(반택포),"75,000",SALE,중고나라 회원,False,True,aksghkrkk,2025-06-04,https://cafe.naver.com/ArticleRead.nhn?clubid=10050146&articleid=1107572794,1107572794
미용_향수,지방시 드지방시 가르송망께 100ml,"200,000",SOLD_OUT,중고나라 회원,False,False,푸른별빛마음,2025-06-04,https://cafe.naver.com/ArticleRead.nhn?clubid=10050146&articleid=1107572640,1107572640
미용_향수,"국문라벨,미개봉) 불리 이리드말트 목욕하는 여인 향수 75ml","155,000",SALE,본인인증 회원,False,True,모오죠,2025-06-04,https://cafe.naver.com/ArticleRead.nhn?clubid=10050146&articleid=1107572572,1107572572
미용_향수,다니엘 트루스 밤쉘 Bombshell 오일향수 미개봉 새상품 선물용,"43,000",SOLD_OUT,인증+안전거래 회원,False,False,레아,2025-06-04,https://cafe.naver.com/ArticleRead.nhn?clubid=10050146&articleid=1107572270,1107572270
미용_향수,크리드 실버마운틴 워터 30ml,"180,000",SOLD_OUT,중고나라 회원,False,False,화룡소천,2025-06-04,https://cafe.naver.com/ArticleRead.nhn?clubid=10050146&articleid=1107572263,1107572263
미용_향수,킬리안 스트레이트 투 헤븐 50ml,"245,000",ESCROW,본인인증 회원,True,True,아라사시에이,2025-06-04,https://cafe.naver.com/ArticleRead.nhn?clubid=10050146&articleid=1107570387,1107570387
미용_향수,톰포드 네롤리 포르토피노 오 드 퍼퓸 50ml (면세점 구매),"230,000",SALE,인증+안전거래 회원,False,True,KASABIAN00,2025-06-04,https://cafe.naver.com/ArticleRead.nhn?clubid=10050146&articleid=1107570328,1107570328
미용_향수,프레데릭말 베티버 엑스트라 오디네르 100ml 새제품급 팝니다,"2,200",SOLD_OUT,본인인증 회원,False,False,쬬죵,2025-06-04,https://cafe.naver.com/ArticleRead.nhn?clubid=10050146&articleid=1107568453,1107568453
미용_향수,"토미힐피거 T, 토미/랄프로렌 사파리, 플로그린, 폴로블루","20,000",SALE,인증+안전거래 회원,False,True,타니누낭,2025-06-04,https://cafe.naver.com/ArticleRead.nhn?clubid=10050146&articleid=1107568097,1107568097
미용_향수,지방시 랑떼르디 향수 80ml,"50,000",SALE,중고나라 회원,False,True,미미냐옹,2025-06-04,https://cafe.naver.com/ArticleRead.nhn?clubid=10050146&articleid=1107567756,1107567756
미용_향수,르라보 어나더 13 EDP 100ml LE LABO,"345,000",SOLD_OUT,본인인증 회원,True,False,라코로라코로,2025-06-04,https://cafe.naver.com/ArticleRead.nhn?clubid=10050146&articleid=1107567335,1107567335
미용_향수,르라보 라벤더31 50ml,"190,000",SALE,중고나라 회원,False,True,겁안나요,2025-06-04,https://cafe.naver.com/ArticleRead.nhn?clubid=10050146&articleid=1107567208,1107567208
미용_향수,플레르드뽀 75ML 오드퍼퓸 면세점구매,"200,000",SALE,중고나라 회원,False,True,겁안나요,2025-06-04,https://cafe.naver.com/ArticleRead.nhn?clubid=10050146&articleid=1107566873,1107566873
미용_향수,지방시 앙상세 울트라마린+플랭커 한정판들,"30,000",SALE,인증+안전거래 회원,False,True,타니누낭,2025-06-04,https://cafe.naver.com/ArticleRead.nhn?clubid=10050146&articleid=1107566323,1107566323
미용_향수,여러가지 팔아요,"2,222",SOLD_OUT,인증+안전거래 회원,True,False,열무벨베,2025-06-04,https://cafe.naver.com/ArticleRead.nhn?clubid=10050146&articleid=1107566046,1107566046
미용_향수,"지방시 오드지방시, III, 파이","12,000",SALE,인증+안전거래 회원,False,True,타니누낭,2025-06-04,https://cafe.naver.com/ArticleRead.nhn?clubid=10050146&articleid=1107566000,1107566000
미용_향수,여러가지 팔아요,"2,222",SOLD_OUT,인증+안전거래 회원,True,False,열무벨베,2025-06-04,https://cafe.naver.com/ArticleRead.nhn?clubid=10050146&articleid=1107565655,1107565655
미용_향수,"지방시 쁘띠상봉, 마이지방시드림, 아마리지, 오르간자, 당떼르디, 플뢰르 당떼르디","12,000",SALE,인증+안전거래 회원,False,True,타니누낭,2025-06-04,https://cafe.naver.com/ArticleRead.nhn?clubid=10050146&articleid=1107565363,1107565363
미용_향수,샤넬 넘버5 로 오드뚜왈렛 100ml,"95,000",SALE,중고나라 회원,False,True,muuoo,2025-06-04,https://cafe.naver.com/ArticleRead.nhn?clubid=10050146&articleid=1107564926,1107564926
미용_향수,샤넬 알뤼르옴므 스포츠 50ml 판매,"80,000",SALE,인증+안전거래 회원,False,True,cjkdk,2025-06-04,https://cafe.naver.com/ArticleRead.nhn?clubid=10050146&articleid=1107564885,1107564885
미용_향수,"(선물받은) 크리드 어벤투스 100ml 289000원
실버마운틴 100ml 265000원 톰포드 오드우드 100ml 259000원 미개봉","289,000",SALE,중고나라 회원,False,True,jin1000,2025-06-04,https://cafe.naver.com/ArticleRead.nhn?clubid=10050146&articleid=1107564664,1107564664
미용_향수,[미개봉]✨영국 왕실 감성 그대로✨ 고급 니치향 앳킨슨  더 넙슈어 부케,"150,000",SALE,본인인증 회원,False,True,붉은 깃털,2025-06-04,https://cafe.naver.com/ArticleRead.nhn?clubid=10050146&articleid=1107564404,1107564404
미용_향수,러쉬 향수 정리합니다(2),"10,000",SALE,인증+안전거래 회원,False,True,EESF,2025-06-04,https://cafe.naver.com/ArticleRead.nhn?clubid=10050146&articleid=1107563928,1107563928
미용_향수,"[미개봉/국문택]니치 향수의 끝판왕, 발라야 익스클루시브","230,000",SALE,본인인증 회원,False,True,붉은 깃털,2025-06-04,https://cafe.naver.com/ArticleRead.nhn?clubid=10050146&articleid=1107563342,1107563342
미용_향수,샤넬 가브리엘향수,"60,000",SOLD_OUT,중고나라 회원,False,False,상큼레모나12,2025-06-04,https://cafe.naver.com/ArticleRead.nhn?clubid=10050146&articleid=1107562691,1107562691
미용_향수,커정 바카랏루쥬540 엑스뜨레 35ml,"200,000",SOLD_OUT,중고나라 회원,False,False,hana,2025-06-04,https://cafe.naver.com/ArticleRead.nhn?clubid=10050146&articleid=1107561886,1107561886
미용_향수,"[정품, 택포가] 구딸 쁘띠쉐리 30ml","100,000",SALE,본인인증 회원,False,True,동글동글옹심이,2025-06-04,https://cafe.naver.com/ArticleRead.nhn?clubid=10050146&articleid=1107561496,1107561496
미용_향수,텀블벅 향수/ 로프트하우스 동네꽃집 텐 세이리,"14,000",SALE,본인인증 회원,False,True,오소리손바닥,2025-06-04,https://cafe.naver.com/ArticleRead.nhn?clubid=10050146&articleid=1107561025,1107561025
미용_향수,딥티크 오두뚜왈렛 탐다오 50ml(유통기한 지남),"60,000",SALE,본인인증 회원,False,True,이신우셩,2025-06-04,https://cafe.naver.com/ArticleRead.nhn?clubid=10050146&articleid=1107560655,1107560655
미용_향수,(미개봉새제품&선물포장)메종마르지엘라 향수 재즈클럽 100ml 판매,"145,000",SALE,인증+안전거래 회원,False,True,너뿐이G용,2025-06-04,https://cafe.naver.com/ArticleRead.nhn?clubid=10050146&articleid=1107560410,1107560410
미용_향수,프랑스 WISKY SILVER 남자 향수(3개),"60,000",ESCROW,인증+안전거래 회원,True,True,던킨CIDER제로KACL,2025-06-04,https://cafe.naver.com/ArticleRead.nhn?clubid=10050146&articleid=1107559102,1107559102
미용_향수,바이레도 블랑쉬 오드퍼퓸50ML,"170,000",SALE,중고나라 회원,False,True,샤샤iiii,2025-06-04,https://cafe.naver.com/ArticleRead.nhn?clubid=10050146&articleid=1107558459,1107558459
미용_향수,메종마르지엘라 세일링데이100ml,"80,000",SALE,중고나라 회원,False,True,샤샤iiii,2025-06-04,https://cafe.naver.com/ArticleRead.nhn?clubid=10050146&articleid=1107558069,1107558069
미용_향수,톰포드 오드우드 100ml  싸게팝니다,"230,000",ESCROW,본인인증 회원,True,True,jusrkek,2025-06-04,https://cafe.naver.com/ArticleRead.nhn?clubid=10050146&articleid=1107558036,1107558036
미용_향수,줄리엣헤즈어건 리퀴드일루젼,"110,000",SALE,중고나라 회원,False,True,zamoniz,2025-06-04,https://cafe.naver.com/ArticleRead.nhn?clubid=10050146&articleid=1107558007,1107558007
미용_향수,바이레도 라튤립 오 드 퍼퓸50ml 미개봉,"180,000",SALE,중고나라 회원,False,True,샤샤iiii,2025-06-04,https://cafe.naver.com/ArticleRead.nhn?clubid=10050146&articleid=1107557923,1107557923
미용_향수,지방시 꾀르푸,"180,000",SOLD_OUT,중고나라 회원,False,False,zamoniz,2025-06-04,https://cafe.naver.com/ArticleRead.nhn?clubid=10050146&articleid=1107557914,1107557914
미용_향수,탬버린즈 더 에그 퍼퓸 펌키니 PUMKINI 14ml,"35,000",SALE,중고나라 회원,False,True,flqjgkdla123,2025-06-04,https://cafe.naver.com/ArticleRead.nhn?clubid=10050146&articleid=1107557379,1107557379
미용_향수,입생로랑 향수 몽파리 오드빠르펭 미니어처 향수,"23,000",SALE,중고나라 회원,False,True,mar1gol,2025-06-04,https://cafe.naver.com/ArticleRead.nhn?clubid=10050146&articleid=1107556606,1107556606
미용_향수,메종마르지엘라 웬더레인스탑스,"60,000",SALE,중고나라 회원,False,True,ssanghwan677,2025-06-04,https://cafe.naver.com/ArticleRead.nhn?clubid=10050146&articleid=1107556527,1107556527
미용_향수,The Scent of PAGE 차량용 방향제(NEW) 교보문고 시그니처 향,"37,300",SALE,중고나라 회원,False,True,쿠부크,2025-06-04,https://cafe.naver.com/ArticleRead.nhn?clubid=10050146&articleid=1107556442,1107556442
미용_향수,The Scent of Page 디퓨저 리필액 250ML(NEW) 교보문고 시그니처 향,"24,900",SALE,중고나라 회원,False,True,쿠부크,2025-06-04,https://cafe.naver.com/ArticleRead.nhn?clubid=10050146&articleid=1107556426,1107556426
미용_향수,The Scent of Page 디퓨저 200ML(NEW) 교보문고 시그니처 향,"51,600",SALE,중고나라 회원,False,True,쿠부크,2025-06-04,https://cafe.naver.com/ArticleRead.nhn?clubid=10050146&articleid=1107556418,1107556418
미용_향수,The Scent of PAGE 차량용 방향제 리필(NEW) 교보문고 시그니처 향,"16,000",SALE,중고나라 회원,False,True,쿠부크,2025-06-04,https://cafe.naver.com/ArticleRead.nhn?clubid=10050146&articleid=1107556407,1107556407
미용_향수,"선물받은 명품향수 싸게 정리합니당(톰포드,크리드,샤넬,바이레도)","55,000",SALE,중고나라 회원,False,True,주고받고또주지,2025-06-04,https://cafe.naver.com/ArticleRead.nhn?clubid=10050146&articleid=1107555365,1107555365
미용_향수,"!가격내림! 소장용 모아놨던 명품향수 정리 (디올,샤넬,크리드,르라보,블랑쉬,톰포드)","55,000",SALE,중고나라 회원,False,True,주고받고또주지,2025-06-04,https://cafe.naver.com/ArticleRead.nhn?clubid=10050146&articleid=1107555346,1107555346
미용_향수,"향수 정리해요 (킬리안, 겔랑, BDK, 조말론, 크리드, 이니시오, 르라보, 메모, 레짐, 에릭뷰터바흐 등)","12,345",SALE,인증+안전거래 회원,False,True,야옹아악,2025-06-04,https://cafe.naver.com/ArticleRead.nhn?clubid=10050146&articleid=1107554478,1107554478
미용_향수,딥디크 도손 롬브르단로 오드뚜왈렛 100ml 미개봉 새상품,"140,000",ESCROW,본인인증 회원,True,True,뽀긂,2025-06-04,https://cafe.naver.com/ArticleRead.nhn?clubid=10050146&articleid=1107553224,1107553224
미용_향수,[새상품] 크리드 어벤투스 100ml,"340,000",SOLD_OUT,인증+안전거래 회원,True,False,진짜신비,2025-06-04,https://cafe.naver.com/ArticleRead.nhn?clubid=10050146&articleid=1107553114,1107553114
미용_향수,데스노트 엘 L 향수 양도 판매합니다.,"350,000",ESCROW,중고나라 회원,True,True,kifi,2025-06-04,https://cafe.naver.com/ArticleRead.nhn?clubid=10050146&articleid=1107553103,1107553103
미용_향수,레플리카 레이지 선데이 모닝 오드 뚜왈렛 100ml,"125,000",ESCROW,인증+안전거래 회원,True,True,진짜신비,2025-06-04,https://cafe.naver.com/ArticleRead.nhn?clubid=10050146&articleid=1107553083,1107553083
미용_향수,크리드 어벤투스 새상품,"335,000",SOLD_OUT,본인인증 회원,False,False,별빛달빙,2025-06-04,https://cafe.naver.com/ArticleRead.nhn?clubid=10050146&articleid=1107552980,1107552980
미용_향수,[초저가]설화수샘플 자음생세럼샘플 윤조에센스샘플 브라이트닝 타임레스폰스리저브세럼 아이크림 진설세럼샘플 설화수윤조에센스샘플 더후샘플 비첩자생에센스샘플 화현에센스 레티놀세럼 오휘샘플 숨37샘플 숨샘플,"2,000",ESCROW,◆셀러회원◆,True,True,찹찹탄력,2025-06-04,https://cafe.naver.com/ArticleRead.nhn?clubid=10050146&articleid=1107552572,1107552572
미용_향수,[조 말론 런던] 블랙베리 앤 베이 코롱 50ml 향수 국문텍,"68,000",SOLD_OUT,인증+안전거래 회원,False,False,v찐찐v,2025-06-04,https://cafe.naver.com/ArticleRead.nhn?clubid=10050146&articleid=1107551610,1107551610
미용_향수,논픽션 향수 상탈크림 오드퍼퓸 100ml,"120,000",SALE,중고나라 회원,False,True,파란물병자리수,2025-06-04,https://cafe.naver.com/ArticleRead.nhn?clubid=10050146&articleid=1107551198,1107551198
미용_향수,남성향수 바이브딜러 향수 남자 우디향수,"19,000",SALE,본인인증 회원,False,True,je1021310,2025-06-04,https://cafe.naver.com/ArticleRead.nhn?clubid=10050146&articleid=1107551105,1107551105
미용_향수,킬리안 플라워오브 이모탈리티 (플오이),"185,000",SOLD_OUT,중고나라 회원,False,False,wanabe,2025-06-04,https://cafe.naver.com/ArticleRead.nhn?clubid=10050146&articleid=1107550998,1107550998
미용_향수,산타마리아노벨라 딥디크 바이레도 에따리브르도랑쥬 니몰라이 메모파리 크리드BDK구딸 펜할리곤스 진저리스,"10,000",SALE,중고나라 회원,False,True,tctcgo,2025-06-04,https://cafe.naver.com/ArticleRead.nhn?clubid=10050146&articleid=1107550783,1107550783
미용_향수,BDK 그리샤르넬 EDP 100ml 정품 새제품,"220,000",SALE,중고나라 회원,False,True,tctcgo,2025-06-04,https://cafe.naver.com/ArticleRead.nhn?clubid=10050146&articleid=1107550346,1107550346
미용_향수,(국문택) 푸에기아 뉴욕 100ml 향수 푸에기아1833,"420,000",SALE,중고나라 회원,False,True,educationallizz,2025-06-04,https://cafe.naver.com/ArticleRead.nhn?clubid=10050146&articleid=1107550107,1107550107
미용_향수,향수 딥티크 릴리피아/산타마리아노벨라/크리스찬 디올 미스 디올/자도르/소바쥬/프라다 패러독스,"13,000",SALE,중고나라 회원,False,True,Debbie,2025-06-04,https://cafe.naver.com/ArticleRead.nhn?clubid=10050146&articleid=1107548140,1107548140
미용_향수,르라보 디스커버리 17종,"110,000",SALE,중고나라 회원,False,True,scoobyd,2025-06-04,https://cafe.naver.com/ArticleRead.nhn?clubid=10050146&articleid=1107547588,1107547588
미용_향수,향수 크리드 톰포드 딥디크 디올 샤넬 바이레도 르라보 새상품,"60,000",SALE,중고나라 회원,False,True,해적왕이될사나이바나,2025-06-04,https://cafe.naver.com/ArticleRead.nhn?clubid=10050146&articleid=1107547028,1107547028
미용_향수,향수 크리드 딥디크 디올 바이레도 르라보 샤넬 톰포드 새상품,"60,000",SALE,중고나라 회원,False,True,해적왕이될사나이바나,2025-06-04,https://cafe.naver.com/ArticleRead.nhn?clubid=10050146&articleid=1107546849,1107546849
미용_향수,향수 크리드 톰포드 딥디크 디올 샤넬 르라보 바이레도 새상품,"60,000",SALE,중고나라 회원,False,True,해적왕이될사나이바나,2025-06-04,https://cafe.naver.com/ArticleRead.nhn?clubid=10050146&articleid=1107546736,1107546736
미용_향수,향수 크리드 톰포드 딥디크 디올 바이레도 르라보 샤넬 새상품,"60,000",SALE,중고나라 회원,False,True,해적왕이될사나이바나,2025-06-04,https://cafe.naver.com/ArticleRead.nhn?clubid=10050146&articleid=1107546605,1107546605
미용_향수,향수 크리드 톰포드 딥디크 디올 샤넬 바이레도 르라보 새상품,"60,000",SALE,중고나라 회원,False,True,choi****,2025-06-04,https://cafe.naver.com/ArticleRead.nhn?clubid=10050146&articleid=1107545992,1107545992
미용_향수,향수 크리드 톰포드 딥디크 디올 샤넬 바이레도 르라보 새상품,"60,000",SALE,중고나라 회원,False,True,choi****,2025-06-04,https://cafe.naver.com/ArticleRead.nhn?clubid=10050146&articleid=1107545758,1107545758
미용_향수,향수 크리드 톰포드 딥디크 디올 바이레도 르라보 샤넬 새상품,"60,000",SALE,중고나라 회원,False,True,choi****,2025-06-04,https://cafe.naver.com/ArticleRead.nhn?clubid=10050146&articleid=1107545642,1107545642
미용_향수,미스디올 오 드 퍼퓸100ml,"153,000",SALE,인증+안전거래 회원,False,True,Thatlzkdzn,2025-06-04,https://cafe.naver.com/ArticleRead.nhn?clubid=10050146&articleid=1107545403,1107545403
미용_향수,향수 크리드 톰포드 딥디크 디올 샤넬 바이레도 르라보 새상품,"60,000",SALE,중고나라 회원,False,True,choi****,2025-06-04,https://cafe.naver.com/ArticleRead.nhn?clubid=10050146&articleid=1107545049,1107545049
미용_향수,향수 크리드 톰포드 샤넬 딥디크 디올 바이레도 르라보 새상품,"60,000",SALE,중고나라 회원,False,True,choi****,2025-06-04,https://cafe.naver.com/ArticleRead.nhn?clubid=10050146&articleid=1107544938,1107544938
미용_향수,[미사용/새상품] 르라보 5ml 디스커버리 (떼누아 상탈 어나더 로즈 베르가못 떼마차),"35,000",SALE,본인인증 회원,False,True,BYRED0,2025-06-04,https://cafe.naver.com/ArticleRead.nhn?clubid=10050146&articleid=1107544382,1107544382
미용_향수,에어린 이캇자스민 7ml,"30,000",SALE,본인인증 회원,False,True,zotahahaha,2025-06-04,https://cafe.naver.com/ArticleRead.nhn?clubid=10050146&articleid=1107544013,1107544013
미용_향수,러쉬 제스티 바디스프레이 200ml,"60,000",ESCROW,중고나라 회원,True,True,y0ungg,2025-06-04,https://cafe.naver.com/ArticleRead.nhn?clubid=10050146&articleid=1107543207,1107543207
미용_향수,향수 크리드 톰포드 딥디크 디올 샤넬 바이레도 르라보 새상품,"60,000",SALE,중고나라 회원,False,True,sgk80,2025-06-04,https://cafe.naver.com/ArticleRead.nhn?clubid=10050146&articleid=1107542923,1107542923
미용_향수,향수 크리드 톰포드 딥디크 디올 샤넬 바이레도 르라보 새상품,"60,000",SALE,중고나라 회원,False,True,sgk80,2025-06-04,https://cafe.naver.com/ArticleRead.nhn?clubid=10050146&articleid=1107542705,1107542705
미용_향수,향수 크리드 톰포드 딥디크 디올 샤넬 바이레도 르라보 새상품,"60,000",SALE,중고나라 회원,False,True,sgk80,2025-06-04,https://cafe.naver.com/ArticleRead.nhn?clubid=10050146&articleid=1107542493,1107542493
미용_향수,라리끄 아메시스트 오드퍼퓸 EDP 100ml 향수 Amethyst Lalique 라리크 랄리끄 랄리크,"35,000",SALE,중고나라 회원,False,True,암흑세계,2025-06-04,https://cafe.naver.com/ArticleRead.nhn?clubid=10050146&articleid=1107542255,1107542255
미용_향수,베르사체 드리머 EDT 100ml 향수 Dreamer Versace,"35,000",SALE,중고나라 회원,False,True,암흑세계,2025-06-04,https://cafe.naver.com/ArticleRead.nhn?clubid=10050146&articleid=1107542219,1107542219
미용_향수,에이본 세뇨 석세스 오드퍼퓸 EDP 75ml 향수 Segno Success Avon 아봉 아본 세그노,"30,000",SALE,중고나라 회원,False,True,암흑세계,2025-06-04,https://cafe.naver.com/ArticleRead.nhn?clubid=10050146&articleid=1107542186,1107542186
미용_향수,캘빈클라인 ck all 향수 EDT 100ml 씨케이 올 켈빈클라인 Calvin Klein,"45,000",SALE,중고나라 회원,False,True,암흑세계,2025-06-04,https://cafe.naver.com/ArticleRead.nhn?clubid=10050146&articleid=1107542153,1107542153
미용_향수,까사렐 향수 2가지 뿌르 옴므 아나이스 아나이스 프리미어 델리스 EDT 향수 카샤렐 카사렐 Cacharel pour L'Homme Anais Anais Premier Delice,"35,000",SALE,중고나라 회원,False,True,암흑세계,2025-06-04,https://cafe.naver.com/ArticleRead.nhn?clubid=10050146&articleid=1107542086,1107542086
미용_향수,향수 크리드 톰포드 딥디크 디올 샤넬 바이레도 르라보 새상품,"60,000",SALE,중고나라 회원,False,True,sgk80,2025-06-04,https://cafe.naver.com/ArticleRead.nhn?clubid=10050146&articleid=1107541705,1107541705
미용_향수,트루동 듀 메디 아펠리 트래블 기프트 세트 15ml,"45,000",SALE,본인인증 회원,False,True,노는게참조아,2025-06-04,https://cafe.naver.com/ArticleRead.nhn?clubid=10050146&articleid=1107541582,1107541582
미용_향수,반클리프 아펠 향수 꼴렉씨옹 로즈 루즈 75ML 새상품 14만원,"140,000",SALE,본인인증 회원,False,True,여름둥,2025-06-04,https://cafe.naver.com/ArticleRead.nhn?clubid=10050146&articleid=1107541537,1107541537
미용_향수,향수 크리드 톰포드 딥디크 디올 샤넬 바이레도 르라보 새상품,"60,000",SALE,중고나라 회원,False,True,sgk80,2025-06-04,https://cafe.naver.com/ArticleRead.nhn?clubid=10050146&articleid=1107541170,1107541170
미용_향수,향수 크리드 톰포드 바이레도 르라보 딥디크 디올 샤넬 새상품,"60,000",SALE,중고나라 회원,False,True,원클래스 투클래스,2025-06-04,https://cafe.naver.com/ArticleRead.nhn?clubid=10050146&articleid=1107540841,1107540841
미용_향수,향수 크리드 바이레도 톰포드 르라보 샤넬 딥디크 디올 새상품,"60,000",SALE,중고나라 회원,False,True,원클래스 투클래스,2025-06-04,https://cafe.naver.com/ArticleRead.nhn?clubid=10050146&articleid=1107540691,1107540691
미용_향수,향수 미니어처세트 다수(빈티지 포함) 정리합니다,"12,345",SALE,인증+안전거래 회원,False,True,타니누낭,2025-06-04,https://cafe.naver.com/ArticleRead.nhn?clubid=10050146&articleid=1107540662,1107540662
미용_향수,향수 바이레도 르라보 크리드 딥디크 디올 샤넬 톰포드 새상품,"60,000",SOLD_OUT,중고나라 회원,False,False,원클래스 투클래스,2025-06-04,https://cafe.naver.com/ArticleRead.nhn?clubid=10050146&articleid=1107540522,1107540522
미용_향수,[한정판] 코코 마드모아젤 오 드 빠르펭 엥땅스 펄스 스프레이 3X7ml 새상품,"280,000",ESCROW,본인인증 회원,True,True,방심이이이,2025-06-04,https://cafe.naver.com/ArticleRead.nhn?clubid=10050146&articleid=1107540125,1107540125
미용_향수,향수 크리드 톰포드 샤넬 딥디크 디올 바이레도 르라보 새상품,"60,000",SALE,중고나라 회원,False,True,원클래스 투클래스,2025-06-04,https://cafe.naver.com/ArticleRead.nhn?clubid=10050146&articleid=1107539617,1107539617
미용_향수,향수 크리드 톰포드 샤넬 딥디크 디올 바이레도 르라보 새상품,"60,000",SALE,중고나라 회원,False,True,원클래스 투클래스,2025-06-04,https://cafe.naver.com/ArticleRead.nhn?clubid=10050146&articleid=1107539443,1107539443
미용_향수,버버리히어로향수50ml,"90,000",SALE,중고나라 회원,False,True,ㅁㅏㅁㅏ,2025-06-04,https://cafe.naver.com/ArticleRead.nhn?clubid=10050146&articleid=1107539035,1107539035
미용_향수,몽클레어 향수 뿌르 옴므 오드퍼퓸 150ml LED 미개봉 새제품,"109,000",SALE,인증+안전거래 회원,False,True,온탕과맥주,2025-06-04,https://cafe.naver.com/ArticleRead.nhn?clubid=10050146&articleid=1107538503,1107538503
미용_향수,디올 헤어미스트,"65,000",SALE,중고나라 회원,False,True,쵸코초코쬬꼬,2025-06-04,https://cafe.naver.com/ArticleRead.nhn?clubid=10050146&articleid=1107538500,1107538500
미용_향수,향수 크리드 톰포드 샤넬 딥디크 디올 바이레도 르라보 새상품,"60,000",SALE,본인인증 회원,False,True,oita1220,2025-06-04,https://cafe.naver.com/ArticleRead.nhn?clubid=10050146&articleid=1107538317,1107538317
미용_향수,"(국문텍새상품 방출)프라다 패러독스버츄얼플라워 오드빠르펭50ml, 인퓨전 아이리스100ml, 인퓨전 아망드 100ml, 미스디올퍼퓸 35ml, 미스디올 오드퍼퓸 미니 미스 솔리드 3.2g","50,000",SALE,인증+안전거래 회원,False,True,스포츠를위한장터,2025-06-04,https://cafe.naver.com/ArticleRead.nhn?clubid=10050146&articleid=1107538260,1107538260
미용_향수,불리 향수 (포레 드 코미) 75ml (국문택),"70,000",SALE,중고나라 회원,False,True,캐논800D,2025-06-04,https://cafe.naver.com/ArticleRead.nhn?clubid=10050146&articleid=1107537658,1107537658
미용_향수,구찌 길티 향수 90ml,"50,000",SALE,본인인증 회원,False,True,쿠리누리v,2025-06-04,https://cafe.naver.com/ArticleRead.nhn?clubid=10050146&articleid=1107537027,1107537027
미용_향수,아스티에드빌라트 향수 앵브르리퀴드 2ml / 인테리어소품 겸용 가능,"6,000",SALE,본인인증 회원,False,True,lb310080,2025-06-04,https://cafe.naver.com/ArticleRead.nhn?clubid=10050146&articleid=1107537015,1107537015
미용_향수,[D-BRIO] 디브리오 플래티넘 오드퍼퓸 향수,"30,000",SALE,중고나라 회원,False,True,패완얼09,2025-06-04,https://cafe.naver.com/ArticleRead.nhn?clubid=10050146&articleid=1107536977,1107536977
미용_향수,르쿠방 아가피100ml 팝니다,"150,000",SALE,중고나라 회원,False,True,solbong82,2025-06-04,https://cafe.naver.com/ArticleRead.nhn?clubid=10050146&articleid=1107536861,1107536861
미용_향수,미개봉 조말론 블랙베리 앤 베이/ 잉글리쉬 페어 앤 프리지아 100ml,"113,000",SALE,중고나라 회원,False,True,ant85man,2025-06-04,https://cafe.naver.com/ArticleRead.nhn?clubid=10050146&articleid=1107536693,1107536693
미용_향수,[미개봉] 불리 레 자뎅 프랑세 오 트리쁠 크레송 향수,"120,000",ESCROW,본인인증 회원,True,True,구갑룡,2025-06-04,https://cafe.naver.com/ArticleRead.nhn?clubid=10050146&articleid=1107536605,1107536605
미용_향수,국문택)산타마리아노벨라 무스치오 오로 100ml,"75,000",ESCROW,인증+안전거래 회원,True,True,힣후ㅏ,2025-06-04,https://cafe.naver.com/ArticleRead.nhn?clubid=10050146&articleid=1107535739,1107535739
미용_향수,국문택) 펜할리곤스 아르테미지아 100ml,"150,000",ESCROW,인증+안전거래 회원,True,True,여수밤바돵,2025-06-04,https://cafe.naver.com/ArticleRead.nhn?clubid=10050146&articleid=1107535718,1107535718
미용_향수,러쉬 더티 바디스프레이 미개봉 새제품 판매,"60,000",SALE,본인인증 회원,False,True,모디모디몯,2025-06-04,https://cafe.naver.com/ArticleRead.nhn?clubid=10050146&articleid=1107534965,1107534965
미용_향수,르라보 로즈31 5ml 미개봉 새제품 (디스커버리),"26,000",SALE,중고나라 회원,False,True,박기표,2025-06-04,https://cafe.naver.com/ArticleRead.nhn?clubid=10050146&articleid=1107534901,1107534901
미용_향수,"미니향수 이것저것(어비어스,프라방,발렌티노)","3,000",SALE,중고나라 회원,False,True,수지구수지구,2025-06-04,https://cafe.naver.com/ArticleRead.nhn?clubid=10050146&articleid=1107534674,1107534674
미용_향수,이솝 오르너,"160,000",SALE,중고나라 회원,False,True,왼팔,2025-06-04,https://cafe.naver.com/ArticleRead.nhn?clubid=10050146&articleid=1107534574,1107534574
미용_향수,조말론 그레이프프루트 코롱 100ml 미개봉 새상품,"105,000",SALE,중고나라 회원,False,True,박기표,2025-06-04,https://cafe.naver.com/ArticleRead.nhn?clubid=10050146&articleid=1107534412,1107534412
미용_향수,디올 메종 쟈스망 데 장주 200미리 디올공식홍페이지 공식몰정품 국문라벨 미개봉 국문라벨 정품,"600,000",SALE,중고나라 회원,False,True,금원산보리 업자아닙,2025-06-04,https://cafe.naver.com/ArticleRead.nhn?clubid=10050146&articleid=1107534403,1107534403
미용_향수,"디올 메종 브아탈리스망 200미리, 디올공식홍페이지 구매 정품 국문라벨 미개봉 새상품, 디올선물세트","600,000",SALE,중고나라 회원,False,True,금원산보리 업자아닙,2025-06-04,https://cafe.naver.com/ArticleRead.nhn?clubid=10050146&articleid=1107534370,1107534370
미용_향수,르라보 유칼립투스 50ml 국문택 정품,"205,000",SALE,중고나라 회원,False,True,박기표,2025-06-04,https://cafe.naver.com/ArticleRead.nhn?clubid=10050146&articleid=1107534041,1107534041
미용_향수,크리드 어벤투스 앱솔루 75ml 국문탭,"330,000",SALE,중고나라 회원,False,True,프라다조앙,2025-06-04,https://cafe.naver.com/ArticleRead.nhn?clubid=10050146&articleid=1107533649,1107533649
미용_향수,[DIOR] 디올 향수 리필 [트래블케이스],"42,000",SALE,본인인증 회원,False,True,fkdglgl,2025-06-04,https://cafe.naver.com/ArticleRead.nhn?clubid=10050146&articleid=1107533576,1107533576
미용_향수,줄리줄리 파리 향수 Elle est Belle 새상품 판매합니다.,"20,000",SALE,중고나라 회원,False,True,dh9445,2025-06-04,https://cafe.naver.com/ArticleRead.nhn?clubid=10050146&articleid=1107533526,1107533526
미용_향수,졸리줄리 트라세 드 라 빌 향수 새상품 판매합니다.,"15,000",SALE,중고나라 회원,False,True,dh9445,2025-06-04,https://cafe.naver.com/ArticleRead.nhn?clubid=10050146&articleid=1107533476,1107533476
미용_향수,새제품 크리드 러브 인 블랙 화이트 75ml 여자 향수,"75,000",ESCROW,중고나라 회원,True,True,Yongmari,2025-06-04,https://cafe.naver.com/ArticleRead.nhn?clubid=10050146&articleid=1107533401,1107533401
미용_향수,메종프란시스커정 바카랏 루쥬540 엑스트레드 퍼퓸 75ml,"90,000",ESCROW,중고나라 회원,True,True,Yongmari,2025-06-04,https://cafe.naver.com/ArticleRead.nhn?clubid=10050146&articleid=1107533297,1107533297
미용_향수,"미개봉 메종마르지엘라 바이 더 파이어 플레이스, 세일링데이 100ml","70,000",ESCROW,중고나라 회원,True,True,Yongmari,2025-06-04,https://cafe.naver.com/ArticleRead.nhn?clubid=10050146&articleid=1107533275,1107533275
미용_향수,바이레도 모하비고스트 100ml 새상품,"90,000",ESCROW,중고나라 회원,True,True,Yongmari,2025-06-04,https://cafe.naver.com/ArticleRead.nhn?clubid=10050146&articleid=1107533171,1107533171
미용_향수,제르조프 1861 낙소스 오드 퍼퓸 100ml 정품(타사이트 등록 안 함),"230,000",SALE,본인인증 회원,False,True,qijizi,2025-06-04,https://cafe.naver.com/ArticleRead.nhn?clubid=10050146&articleid=1107532461,1107532461
미용_향수,"디올 메종 그리 디올 오드 퍼퓸 200미리 미개봉 정품 새상품 공식홈페이지에서 구매 정품 미개봉 ,그리디올","600,000",SALE,중고나라 회원,False,True,금원산보리 업자아닙,2025-06-04,https://cafe.naver.com/ArticleRead.nhn?clubid=10050146&articleid=1107532346,1107532346
미용_향수,어메이징 빅토리아 시크릿 밤쉘 오드 퍼퓸 100ml 10만원,"100,000",ESCROW,중고나라 회원,True,True,맥가이버35,2025-06-04,https://cafe.naver.com/ArticleRead.nhn?clubid=10050146&articleid=1107531694,1107531694
미용_향수,오브먼트 오일퍼퓸 그리너리무드,"20,000",SOLD_OUT,중고나라 회원,False,False,비매너 차단,2025-06-04,https://cafe.naver.com/ArticleRead.nhn?clubid=10050146&articleid=1107531247,1107531247
미용_향수,라끄시안 메이크업 향수 구찌러쉬2,"35,000",SALE,중고나라 회원,False,True,cuuwxj,2025-06-04,https://cafe.naver.com/ArticleRead.nhn?clubid=10050146&articleid=1107531001,1107531001
미용_향수,"라끄시안 일루션 블랙,레인,화이트,메이크업 80ml","30,000",SALE,중고나라 회원,False,True,cuuwxj,2025-06-04,https://cafe.naver.com/ArticleRead.nhn?clubid=10050146&articleid=1107530978,1107530978
미용_향수,샤넬 코코마드모아젤 오드 빠르펭 엥땅스 펄스 스프레이,"200,000",ESCROW,중고나라 회원,True,True,냐하수하,2025-06-04,https://cafe.naver.com/ArticleRead.nhn?clubid=10050146&articleid=1107530520,1107530520
미용_향수,지방시 트루블 페트(투루블 페트) 50ml,"195,000",SOLD_OUT,중고나라 회원,False,False,secret9833,2025-06-04,https://cafe.naver.com/ArticleRead.nhn?clubid=10050146&articleid=1107530382,1107530382
미용_향수,르라보 떼누아29 EDP 100ML 미개봉 새제품 (영수증 인증 가능),"340,000",ESCROW,중고나라 회원,True,True,지구본심슨,2025-06-04,https://cafe.naver.com/ArticleRead.nhn?clubid=10050146&articleid=1107529792,1107529792
미용_향수,골드필드앤뱅크스 일괄 미스틱블리스 벨벳 스플린더,"12,345",SOLD_OUT,인증+안전거래 회원,True,False,디ㄴㅓ,2025-06-04,https://cafe.naver.com/ArticleRead.nhn?clubid=10050146&articleid=1107528721,1107528721
미용_향수,"다니엘트루스 디퓨저,프레그런스태그 밤쉘 방향제 판매합니다.","30,000",SALE,본인인증 회원,False,True,sea3432,2025-06-04,https://cafe.naver.com/ArticleRead.nhn?clubid=10050146&articleid=1107528662,1107528662
미용_향수,메종 마르지엘라 뮤직 페스티벌,"123,456",SOLD_OUT,인증+안전거래 회원,True,False,디ㄴㅓ,2025-06-04,https://cafe.naver.com/ArticleRead.nhn?clubid=10050146&articleid=1107527885,1107527885
미용_향수,[국문택 새제품]샤넬 레젝스클루시프 시코모르 빠르펭 15ml,"530,000",ESCROW,중고나라 회원,True,True,로피옹,2025-06-04,https://cafe.naver.com/ArticleRead.nhn?clubid=10050146&articleid=1107526467,1107526467
미용_향수,[새상품]딥티크 도손 오드뚜왈렛 100ml / 미개봉,"150,000",SOLD_OUT,본인인증 회원,True,False,주니오마니,2025-06-04,https://cafe.naver.com/ArticleRead.nhn?clubid=10050146&articleid=1107525822,1107525822
미용_향수,바이레도 라튤립 국문o 100ml,"160,000",SOLD_OUT,중고나라 회원,False,False,호so,2025-06-04,https://cafe.naver.com/ArticleRead.nhn?clubid=10050146&articleid=1107525617,1107525617
미용_향수,블루 드 샤넬 애프터쉐이브 100ml,"120,000",SOLD_OUT,,True,False,토끼귤파티,2025-06-04,https://cafe.naver.com/ArticleRead.nhn?clubid=10050146&articleid=1107525596,1107525596
미용_향수,크리드 어벤투스 EDP 100ml,"360,000",ESCROW,본인인증 회원,True,True,라코로라코로,2025-06-04,https://cafe.naver.com/ArticleRead.nhn?clubid=10050146&articleid=1107525213,1107525213
미용_향수,르라보 상탈 33 EDP [100ML],"330,000",ESCROW,본인인증 회원,True,True,라코로라코로,2025-06-04,https://cafe.naver.com/ArticleRead.nhn?clubid=10050146&articleid=1107525186,1107525186
미용_향수,산타마리아노벨라 엔젤 디 피렌체 오드코롱,"130,000",SALE,인증+안전거래 회원,False,True,우하하하후후,2025-06-04,https://cafe.naver.com/ArticleRead.nhn?clubid=10050146&articleid=1107524842,1107524842
미용_향수,랑콤 이돌 르 퍼퓸 토일렛 향수,"23,000",ESCROW,중고나라 회원,True,True,moka5,2025-06-04,https://cafe.naver.com/ArticleRead.nhn?clubid=10050146&articleid=1107524812,1107524812
미용_향수,(네고가능!!!) 샤넬 오땅뜨르 향수 35ml 국택,"50,000",ESCROW,본인인증 회원,True,True,구름,2025-06-04,https://cafe.naver.com/ArticleRead.nhn?clubid=10050146&articleid=1107524098,1107524098
미용_향수,딥티크 오르페옹 75ml 리미티드 한정판 판매합니다,"200,000",SALE,인증+안전거래 회원,False,True,더더클래식,2025-06-04,https://cafe.naver.com/ArticleRead.nhn?clubid=10050146&articleid=1107523874,1107523874
미용_향수,향수 바이레도 르라보 크리드 톰포드 샤넬 딥디크 디올 새상품,"60,000",SALE,본인인증 회원,False,True,oita1220,2025-06-04,https://cafe.naver.com/ArticleRead.nhn?clubid=10050146&articleid=1107523838,1107523838
미용_향수,향수 샤넬 크리드 톰포드 딥디크 디올 바이레도 르라보 새상품,"60,000",SALE,본인인증 회원,False,True,oita1220,2025-06-04,https://cafe.naver.com/ArticleRead.nhn?clubid=10050146&articleid=1107523656,1107523656
미용_향수,향수 크리드 톰포드 샤넬 딥디크 디올 바이레도 르라보 새상품,"60,000",SALE,본인인증 회원,False,True,oita1220,2025-06-04,https://cafe.naver.com/ArticleRead.nhn?clubid=10050146&articleid=1107523505,1107523505
미용_향수,향수 크리드 톰포드 딥디크 디올 샤넬 바이레도 르라보 새상품,"60,000",SALE,본인인증 회원,False,True,oita1220,2025-06-04,https://cafe.naver.com/ArticleRead.nhn?clubid=10050146&articleid=1107523406,1107523406
미용_향수,향수 크리드 톰포드 샤넬 딥디크 디올 바이레도 르라보 새상품,"60,000",SALE,중고나라 회원,False,True,ses3950,2025-06-04,https://cafe.naver.com/ArticleRead.nhn?clubid=10050146&articleid=1107523063,1107523063
미용_향수,향수 크리드 톰포드 샤넬 딥디크 디올 바이레도 르라보 새상품,"60,000",SALE,중고나라 회원,False,True,ses3950,2025-06-04,https://cafe.naver.com/ArticleRead.nhn?clubid=10050146&articleid=1107522921,1107522921
미용_향수,향수 크리드 톰포드 딥디크 디올 샤넬 바이레도 르라보 새상품,"60,000",SALE,중고나라 회원,False,True,ses3950,2025-06-04,https://cafe.naver.com/ArticleRead.nhn?clubid=10050146&articleid=1107522782,1107522782
미용_향수,(미개봉) 하우스포그 마차메이드 오드 퍼퓸 50ml 9만원,"90,000",SALE,중고나라 회원,False,True,중고나라어플없음,2025-06-04,https://cafe.naver.com/ArticleRead.nhn?clubid=10050146&articleid=1107522761,1107522761
미용_향수,향수 톰포드 크리드 샤넬 딥디크 디올 바이레도 르라보 [새상품],"60,000",SALE,중고나라 회원,False,True,ses3950,2025-06-04,https://cafe.naver.com/ArticleRead.nhn?clubid=10050146&articleid=1107522608,1107522608
미용_향수,향수 크리드 톰포드 딥디크 디올 샤넬 바이레도 르라보 새상품,"60,000",SALE,중고나라 회원,False,True,ses3950,2025-06-04,https://cafe.naver.com/ArticleRead.nhn?clubid=10050146&articleid=1107522459,1107522459
미용_향수,향수 크리드 톰포드 딥디크 디올 샤넬 바이레도 르라보 새상품,"60,000",SALE,중고나라 회원,False,True,sagi99,2025-06-04,https://cafe.naver.com/ArticleRead.nhn?clubid=10050146&articleid=1107522131,1107522131
미용_향수,향수 크리드 톰포드 샤넬 딥디크 디올 바이레도 르라보 새상품,"60,000",SALE,중고나라 회원,False,True,sagi99,2025-06-04,https://cafe.naver.com/ArticleRead.nhn?clubid=10050146&articleid=1107522041,1107522041
미용_향수,"향수 크리드,톰포드,샤넬,딥디크,디올,바이레도,르라보 [새상품]","60,000",SALE,중고나라 회원,False,True,sagi99,2025-06-04,https://cafe.naver.com/ArticleRead.nhn?clubid=10050146&articleid=1107521897,1107521897
미용_향수,"조말론 코롱 50ml 블랙베리앤베이,일글리쉬 페어앤 프리지아 새것","10,000",SALE,중고나라 회원,False,True,도르도르도르르,2025-06-04,https://cafe.naver.com/ArticleRead.nhn?clubid=10050146&articleid=1107521854,1107521854
미용_향수,"향수 크리드,톰포드,샤넬,딥디크,디올,바이레도,르라보 [새상품]","60,000",SALE,중고나라 회원,False,True,sagi99,2025-06-04,https://cafe.naver.com/ArticleRead.nhn?clubid=10050146&articleid=1107521738,1107521738
미용_향수,"향수 크리드,톰포드,딥디크,디올,샤넬,바이레도,르라보 [새상품]","60,000",SALE,중고나라 회원,False,True,sagi99,2025-06-04,https://cafe.naver.com/ArticleRead.nhn?clubid=10050146&articleid=1107521570,1107521570
미용_향수,티파니앤코 오드 퍼퓸 향수 30ml,"40,000",SALE,본인인증 회원,False,True,우유브라운,2025-06-04,https://cafe.naver.com/ArticleRead.nhn?clubid=10050146&articleid=1107521233,1107521233
미용_향수,크리드 버진아일랜드워터 50ml,"210,000",SOLD_OUT,본인인증 회원,False,False,mintloo,2025-06-04,https://cafe.naver.com/ArticleRead.nhn?clubid=10050146&articleid=1107521219,1107521219
미용_향수,제르조프 까사모라티 피에로 30ml 미개봉 새제품 택포,"80,000",SALE,본인인증 회원,False,True,qijizi,2025-06-04,https://cafe.naver.com/ArticleRead.nhn?clubid=10050146&articleid=1107520363,1107520363
미용_향수,시슬리 오드스와르 향수 100ml 바디크림 150ml 세트 향수만 가능,"190,000",SALE,중고나라 회원,False,True,WOWMIMI,2025-06-04,https://cafe.naver.com/ArticleRead.nhn?clubid=10050146&articleid=1107518561,1107518561
미용_향수,샤넬 가브리엘 헤어미스트 팔아요,"26,000",SOLD_OUT,본인인증 회원,False,False,미소천사 후니,2025-06-04,https://cafe.naver.com/ArticleRead.nhn?clubid=10050146&articleid=1107517877,1107517877
미용_향수,100%정품[설화수샘플]진설세럼샘플 자음생크림 자음생세럼샘플 설화수윤조에센스샘플 자음생캡슐세럼샘플 진설크림 자음생크림리치 더후샘플 화현에센스 오휘샘플 더퍼스트에센스 숨 로시크숨마 더후 화장품샘플구매,"8,888",ESCROW,◆셀러회원◆,True,True,별이훈이맘1,2025-06-04,https://cafe.naver.com/ArticleRead.nhn?clubid=10050146&articleid=1107517767,1107517767
미용_향수,"딥디크 향수 룸스프레이 미모사, 씨프레 판매해요","50,000",SALE,인증+안전거래 회원,False,True,ㅁ매너거래해요ㅁ,2025-06-04,https://cafe.naver.com/ArticleRead.nhn?clubid=10050146&articleid=1107517280,1107517280
미용_향수,바이레도 블랑쉬 앱솔뤼100ml+로즈오브노맨즈랜드8ml+샘플2개 국문택,"340,000",SOLD_OUT,본인인증 회원,False,False,kwj2707,2025-06-04,https://cafe.naver.com/ArticleRead.nhn?clubid=10050146&articleid=1107517166,1107517166
미용_향수,구찌 블룸 향수 오드뚜왈렛,"100,000",ESCROW,중고나라 회원,True,True,유칼00,2025-06-04,https://cafe.naver.com/ArticleRead.nhn?clubid=10050146&articleid=1107517040,1107517040
미용_향수,겔랑 향수 만다린 바질릭 팝니다,"55,000",SALE,인증+안전거래 회원,False,True,수르뜨와,2025-06-04,https://cafe.naver.com/ArticleRead.nhn?clubid=10050146&articleid=1107516346,1107516346
미용_향수,겔랑 압솔뤼 알레고리아 향수 상탈 로얄 상탈로얄 125ml 미개봉 새제품,"160,000",SALE,본인인증 회원,False,True,652711,2025-06-04,https://cafe.naver.com/ArticleRead.nhn?clubid=10050146&articleid=1107515855,1107515855
미용_향수,딥디크 플레르드뽀 오드퍼퓸 75ml,"2,000",SALE,인증+안전거래 회원,False,True,망바나무,2025-06-04,https://cafe.naver.com/ArticleRead.nhn?clubid=10050146&articleid=1107515210,1107515210
미용_향수,프레데릭말 포트레이트오브어레이디 30ml,"2,000",SALE,인증+안전거래 회원,False,True,망바나무,2025-06-04,https://cafe.naver.com/ArticleRead.nhn?clubid=10050146&articleid=1107515159,1107515159
미용_향수,메종프란시스커정 724 오 드 퍼퓸 70ml,"2,000",SALE,인증+안전거래 회원,False,True,망바나무,2025-06-04,https://cafe.naver.com/ArticleRead.nhn?clubid=10050146&articleid=1107515110,1107515110
미용_향수,아뜰리에 코롱 러브오스만투스 100ml,"65,000",SALE,본인인증 회원,False,True,Estella22,2025-06-04,https://cafe.naver.com/ArticleRead.nhn?clubid=10050146&articleid=1107515085,1107515085
미용_향수,로에베 001 맨 국문텍 새상품 15ml,"39,000",SOLD_OUT,본인인증 회원,False,False,기트쿠,2025-06-04,https://cafe.naver.com/ArticleRead.nhn?clubid=10050146&articleid=1107514321,1107514321
미용_향수,스테판 움베르 루카 스네이크 갓 오브 파이어 오드 퍼퓸 판매합니다!,"290,000",SOLD_OUT,본인인증 회원,True,False,h940223,2025-06-04,https://cafe.naver.com/ArticleRead.nhn?clubid=10050146&articleid=1107513762,1107513762
미용_향수,에르메스 H24 리프레싱 데오도란트 스틱 75ml,"50,000",SOLD_OUT,중고나라 회원,False,False,GLC쿱 하늘우,2025-06-04,https://cafe.naver.com/ArticleRead.nhn?clubid=10050146&articleid=1107512988,1107512988
미용_향수,"크리드 어벤투스 100ml,","315,000",SALE,본인인증 회원,False,True,행크아저씨,2025-06-04,https://cafe.naver.com/ArticleRead.nhn?clubid=10050146&articleid=1107510315,1107510315
미용_향수,샤넬향수100ml 6.9택무+센텔리안24 크림타임 리버스 스페셜세트새제품2.9택무 전부시8.9택무/여성구두 지갑 가방 악세사리 운동화 샌들 요가 조깅 자전거 헬스 캠핑등산배낭여행가방 아디다스 나이키조던 아노락 acg,"89,000",SALE,중고나라 회원,False,True,북두권,2025-06-04,https://cafe.naver.com/ArticleRead.nhn?clubid=10050146&articleid=1107509893,1107509893
미용_향수,바이레도 블랑쉬 앱솔뤼 50ml 미개봉,"200,000",SALE,본인인증 회원,False,True,히나11,2025-06-04,https://cafe.naver.com/ArticleRead.nhn?clubid=10050146&articleid=1107509758,1107509758
미용_향수,국문택 박스o] 루이비통 스펠온유 100미리,"340,000",SOLD_OUT,본인인증 회원,False,False,향수가 인생의 전부,2025-06-04,https://cafe.naver.com/ArticleRead.nhn?clubid=10050146&articleid=1107509399,1107509399
미용_향수,미개봉 국문택] 아르마니 프리베 상탈 단샤 50미리,"90,000",SOLD_OUT,본인인증 회원,False,False,향수가 인생의 전부,2025-06-04,https://cafe.naver.com/ArticleRead.nhn?clubid=10050146&articleid=1107509374,1107509374
미용_향수,[LE LABO] 르라보 어나더 13 & 떼누아 29 EDP 100ml​,"345,000",SOLD_OUT,인증+안전거래 회원,True,False,kkkkkjin81,2025-06-04,https://cafe.naver.com/ArticleRead.nhn?clubid=10050146&articleid=1107509324,1107509324
미용_향수,"바이레도 12ml 트래블 사이즈 블랑쉬, 집시워터, 발다프리크","52,000",SALE,중고나라 회원,False,True,Minedplayer,2025-06-04,https://cafe.naver.com/ArticleRead.nhn?clubid=10050146&articleid=1107509193,1107509193
미용_향수,톰포드 바닐파탈 50ml,"220,000",SOLD_OUT,인증+안전거래 회원,False,False,오뜨럭스,2025-06-04,https://cafe.naver.com/ArticleRead.nhn?clubid=10050146&articleid=1107508928,1107508928
미용_향수,루이비통 쾨르바텅 국문 판매 및 교환,"200,000",SALE,중고나라 회원,False,True,tjsdlfdl94,2025-06-04,https://cafe.naver.com/ArticleRead.nhn?clubid=10050146&articleid=1107508288,1107508288
미용_향수,미스디올 블루밍부케 100ml 국문정품,"100,000",SALE,인증+안전거래 회원,False,True,소리사랑,2025-06-04,https://cafe.naver.com/ArticleRead.nhn?clubid=10050146&articleid=1107507525,1107507525
미용_향수,프라다 패러독스 EDP 50ml,"130,000",SALE,중고나라 회원,False,True,일백501,2025-06-04,https://cafe.naver.com/ArticleRead.nhn?clubid=10050146&articleid=1107506903,1107506903
미용_향수,"mdci 초초상,루이비통 로즈데벙,구찌 알케미스트 티얼스 프롬 웨어마이하트비츠, 스테이트 오브 마인드 버터플라이 마인드","12,121",SALE,인증+안전거래 회원,False,True,프레첼h,2025-06-04,https://cafe.naver.com/ArticleRead.nhn?clubid=10050146&articleid=1107506777,1107506777
미용_향수,딥티크 로파피에 50ml (택포7.5),"75,000",ESCROW,중고나라 회원,True,True,씽씽츄,2025-06-04,https://cafe.naver.com/ArticleRead.nhn?clubid=10050146&articleid=1107506744,1107506744
미용_향수,"엑스니힐로 트래블 및 플뢰르(플나코) 러스트 인(러인파), 로베르트피게, 미젠시르","12,121",SALE,인증+안전거래 회원,False,True,프레첼h,2025-06-04,https://cafe.naver.com/ArticleRead.nhn?clubid=10050146&articleid=1107506375,1107506375
미용_향수,"킬리안 애플브랜디,오르몽드제인 트레블, 바르셀로나 보보,펜디 챠오 아모레,끌로에 쉔,에어린 로즈코코아","12,121",SALE,인증+안전거래 회원,False,True,프레첼h,2025-06-04,https://cafe.naver.com/ArticleRead.nhn?clubid=10050146&articleid=1107506292,1107506292
미용_향수,"크리드 엘라다리아, 꾸레쥬 슬로건, 끌로에 나르시수스 포에티쿠스, 베니스의 상인 로사 모체니가","12,121",SALE,인증+안전거래 회원,False,True,프레첼h,2025-06-04,https://cafe.naver.com/ArticleRead.nhn?clubid=10050146&articleid=1107506251,1107506251
미용_향수,"크리드 CREED 러브인화이트,러브인블랙","12,345",SALE,본인인증 회원,False,True,rijsb,2025-06-04,https://cafe.naver.com/ArticleRead.nhn?clubid=10050146&articleid=1107505428,1107505428
미용_향수,퍼퓸드말리 발라야 오드퍼퓸 75ml 가격내림,"210,000",SALE,중고나라 회원,False,True,삐띠삐디,2025-06-04,https://cafe.naver.com/ArticleRead.nhn?clubid=10050146&articleid=1107505059,1107505059
미용_향수,[새상품] 다니엘 트루스 퍼퓸 포레스트&소울,"32,000",SALE,본인인증 회원,False,True,니케7249,2025-06-04,https://cafe.naver.com/ArticleRead.nhn?clubid=10050146&articleid=1107504847,1107504847
미용_향수,[새상품] 다니엘 트루스 오일 퍼퓸 (리뉴얼 캡)+하트 열쇠 키링,"45,000",SALE,본인인증 회원,False,True,니케7249,2025-06-04,https://cafe.naver.com/ArticleRead.nhn?clubid=10050146&articleid=1107504645,1107504645
미용_향수,메종프랑시스커정 향수 724 70ml EDP 새상품 메종프란시스커정 724 Masin Francis Kurkdjian Paris 724,"240,000",ESCROW,인증+안전거래 회원,True,True,zldzpdlf,2025-06-04,https://cafe.naver.com/ArticleRead.nhn?clubid=10050146&articleid=1107504318,1107504318
미용_향수,메종프란시스커정 아라로즈 70ml EDT 새상품 메종프랑시스커정 아라로즈 Masin Francis Kurkdjian Paris A la rose,"230,000",ESCROW,인증+안전거래 회원,True,True,zldzpdlf,2025-06-04,https://cafe.naver.com/ArticleRead.nhn?clubid=10050146&articleid=1107504298,1107504298
미용_향수,메종프란시스커정 아라로즈 70ml EDP 새상품 메종프랑시스커정 아라로즈 Masin Francis Kurkdjian Paris A la rose,"240,000",ESCROW,인증+안전거래 회원,True,True,zldzpdlf,2025-06-04,https://cafe.naver.com/ArticleRead.nhn?clubid=10050146&articleid=1107504290,1107504290
미용_향수,국문택 풀박스] 킬리안 나랑잘래 부끄셔 아베끄모아 50미리,"170,000",SOLD_OUT,본인인증 회원,False,False,향수가 인생의 전부,2025-06-04,https://cafe.naver.com/ArticleRead.nhn?clubid=10050146&articleid=1107504262,1107504262
미용_향수,샤넬 펄스 스프레이 코코마드모아젤 향수,"250,000",SALE,본인인증 회원,False,True,코알다,2025-06-04,https://cafe.naver.com/ArticleRead.nhn?clubid=10050146&articleid=1107503945,1107503945
미용_향수,샤넬 오땅드르 미개봉새제품,"130,000",SALE,중고나라 회원,False,True,행복하나나무,2025-06-04,https://cafe.naver.com/ArticleRead.nhn?clubid=10050146&articleid=1107503697,1107503697
미용_향수,프라다 인퓨전 아망드 edp 100ml 새거,"80,000",SALE,본인인증 회원,False,True,ilililiiiiiiilililll,2025-06-04,https://cafe.naver.com/ArticleRead.nhn?clubid=10050146&articleid=1107503351,1107503351
미용_향수,입생로랑 리브르 헤어 미스트 30ml입니다.,"20,000",SALE,중고나라 회원,False,True,미니멀리스트되기1,2025-06-04,https://cafe.naver.com/ArticleRead.nhn?clubid=10050146&articleid=1107502774,1107502774
미용_향수,국문택 정품] 퍼퓸드말리 페가수스 75미리,"130,000",SOLD_OUT,본인인증 회원,False,False,향수가 인생의 전부,2025-06-04,https://cafe.naver.com/ArticleRead.nhn?clubid=10050146&articleid=1107501542,1107501542
미용_향수,단종 국문택] 마크제이콥스 레인 100미리,"135,000",SALE,본인인증 회원,False,True,향수가 인생의 전부,2025-06-04,https://cafe.naver.com/ArticleRead.nhn?clubid=10050146&articleid=1107501516,1107501516
미용_향수,자라 자말론 두바이 판매합니다,"32,000",SOLD_OUT,인증+안전거래 회원,False,False,핑돌이와사막여우,2025-06-04,https://cafe.naver.com/ArticleRead.nhn?clubid=10050146&articleid=1107500875,1107500875
미용_향수,딥디크 디스커버리 7.5mlx5종오드퍼퓸(미사용 새상품 백화점)⭕️배송비포함⭕️,"130,000",SALE,중고나라 회원,False,True,별이마덜22,2025-06-04,https://cafe.naver.com/ArticleRead.nhn?clubid=10050146&articleid=1107500488,1107500488
미용_향수,[판매완료] 엑스니힐로 바이퍼 그린 50ml,"100,000",SOLD_OUT,본인인증 회원,False,False,츄르내놔,2025-06-04,https://cafe.naver.com/ArticleRead.nhn?clubid=10050146&articleid=1107499841,1107499841
미용_향수,딥티크 플레르드뽀 오드퍼퓸 75ml 미개봉 새상품,"199,000",SALE,중고나라 회원,False,True,행복할수나,2025-06-04,https://cafe.naver.com/ArticleRead.nhn?clubid=10050146&articleid=1107499014,1107499014
미용_향수,(국문) 프레데릭말 신테틱 정글 100ml,"250,000",SOLD_OUT,본인인증 회원,False,False,추성후잉,2025-06-04,https://cafe.naver.com/ArticleRead.nhn?clubid=10050146&articleid=1107499008,1107499008
미용_향수,딥티크 도손 오드퍼퓸 디스커버리 미개봉 새상품,"28,000",SALE,중고나라 회원,False,True,행복할수나,2025-06-04,https://cafe.naver.com/ArticleRead.nhn?clubid=10050146&articleid=1107498997,1107498997
미용_향수,"겔랑 바닐 플라니폴리아 50mL (미사용, 국문택)_택배비 포함","450,000",SALE,본인인증 회원,False,True,ts3273,2025-06-04,https://cafe.naver.com/ArticleRead.nhn?clubid=10050146&articleid=1107498955,1107498955
미용_향수,메종마르지엘라 프롬더가든 비치워크 웬더레인스탑스 30ml 미개봉 팝니다,"65,000",ESCROW,인증+안전거래 회원,True,True,오프스프링79,2025-06-04,https://cafe.naver.com/ArticleRead.nhn?clubid=10050146&articleid=1107497283,1107497283
미용_향수,메종마르지엘라 핸드크림 레이지 선데이 모닝 50ml미개봉 새상품 팝니다,"28,000",ESCROW,인증+안전거래 회원,True,True,오프스프링79,2025-06-04,https://cafe.naver.com/ArticleRead.nhn?clubid=10050146&articleid=1107497243,1107497243
미용_향수,메종마르지엘라 프롬더가든 100ml 미개봉 새상품 팝니다,"115,000",ESCROW,인증+안전거래 회원,True,True,오프스프링79,2025-06-04,https://cafe.naver.com/ArticleRead.nhn?clubid=10050146&articleid=1107497240,1107497240
미용_향수,딥디크 도손 헤어미스트,"50,000",SALE,본인인증 회원,False,True,yunayunaa,2025-06-04,https://cafe.naver.com/ArticleRead.nhn?clubid=10050146&articleid=1107497099,1107497099
미용_향수,바카랏루쥬 커졍 헤어미스트 판매해요,"70,000",SALE,본인인증 회원,False,True,yunayunaa,2025-06-04,https://cafe.naver.com/ArticleRead.nhn?clubid=10050146&articleid=1107497091,1107497091
미용_향수,Bdk 루즈스모킹 edp 향수 100ml,"110,000",SOLD_OUT,본인인증 회원,False,False,lgk7,2025-06-04,https://cafe.naver.com/ArticleRead.nhn?clubid=10050146&articleid=1107496292,1107496292
미용_향수,"올라, 이리드말트, 일리오, 아이리스 향수 내놔요.","100,000",SALE,중고나라 회원,False,True,귀여운삐삐,2025-06-04,https://cafe.naver.com/ArticleRead.nhn?clubid=10050146&articleid=1107495167,1107495167
미용_향수,[가격인하]설화수샘플 설화수기초샘플 설화수스킨로션샘플 자음생 진설에센스 아이크림 6세대윤조에센스 자음생세럼 개선2종세트 탄력영양크림 더후샘플 오휘샘플 더퍼스트제네츄어 숨37샘플 시크릿ex 화장품샘플,"2,000",ESCROW,◆셀러회원◆,True,True,찹찹탄력,2025-06-04,https://cafe.naver.com/ArticleRead.nhn?clubid=10050146&articleid=1107495139,1107495139
미용_향수,"MEMO 메모 인레, 케두 30ml 75ml 국문택 새제품","99,000",ESCROW,중고나라 회원,True,True,오징어학살자S,2025-06-04,https://cafe.naver.com/ArticleRead.nhn?clubid=10050146&articleid=1107492047,1107492047
미용_향수,"르라보 어나더13 100ml, 떼누아29 100ml","344,000",ESCROW,중고나라 회원,True,True,오징어학살자S,2025-06-04,https://cafe.naver.com/ArticleRead.nhn?clubid=10050146&articleid=1107491991,1107491991
미용_향수,"(새제품)메종프란시스커정 쁘띠마땅,젠틀플루이티디실버,아라로즈,아쿠아비떼포르테, 아쿠아미디어코롱포르테,우드엑스트레 드 퍼퓸,마지막","18,500",SALE,중고나라 회원,False,True,이쁜향기,2025-06-04,https://cafe.naver.com/ArticleRead.nhn?clubid=10050146&articleid=1107491400,1107491400
미용_향수,"(새제품)딥디크 오르페옹 7.5ml,마지막","51,000",SALE,중고나라 회원,False,True,이쁜향기,2025-06-04,https://cafe.naver.com/ArticleRead.nhn?clubid=10050146&articleid=1107491245,1107491245
미용_향수,펜할리곤스 브라브라브룸 향수 거의새거,"250,000",SALE,인증+안전거래 회원,False,True,세옥잇,2025-06-04,https://cafe.naver.com/ArticleRead.nhn?clubid=10050146&articleid=1107490629,1107490629
미용_향수,아쿠아 디파르마 향수 10종세트 새상품,"40,000",ESCROW,인증+안전거래 회원,True,True,pak7121,2025-06-04,https://cafe.naver.com/ArticleRead.nhn?clubid=10050146&articleid=1107490609,1107490609
미용_향수,루아페 스테미솝기획 + 피크닉백,"27,000",SOLD_OUT,중고나라 회원,False,False,코카이아사노,2025-06-04,https://cafe.naver.com/ArticleRead.nhn?clubid=10050146&articleid=1107490549,1107490549
미용_향수,클린 웜코튼 10ml,"8,000",SOLD_OUT,본인인증 회원,False,False,중나천사52,2025-06-04,https://cafe.naver.com/ArticleRead.nhn?clubid=10050146&articleid=1107490301,1107490301
미용_향수,미개봉새상품_헉슬리 헤어 퍼퓸 25ml,"8,000",SOLD_OUT,중고나라 회원,True,False,BB,2025-06-04,https://cafe.naver.com/ArticleRead.nhn?clubid=10050146&articleid=1107489818,1107489818
미용_향수,몽블랑 레전드 100ml EDT 향수 / 3만원,"30,000",SALE,중고나라 회원,False,True,중고향수,2025-06-04,https://cafe.naver.com/ArticleRead.nhn?clubid=10050146&articleid=1107489539,1107489539
미용_향수,Bond No.9 뉴욕 뉘드 드 노호 50ml 팝니다,"85,000",SOLD_OUT,중고나라 회원,False,False,yoonballa,2025-06-04,https://cafe.naver.com/ArticleRead.nhn?clubid=10050146&articleid=1107489529,1107489529
미용_향수,최미나~스윙윙 포 우먼 100ml EDP 향수 / 3만원,"30,000",SALE,중고나라 회원,False,True,중고향수,2025-06-04,https://cafe.naver.com/ArticleRead.nhn?clubid=10050146&articleid=1107489463,1107489463
미용_향수,쥬시꾸뛰르 비바라쥬시 로즈 100ml EDP 향수 / 28000원,"28,000",SALE,중고나라 회원,False,True,중고향수,2025-06-04,https://cafe.naver.com/ArticleRead.nhn?clubid=10050146&articleid=1107489411,1107489411
미용_향수,●판매완료● 단종~불가리 블루 팜므 40ml EDP 향수 / 45000원,"45,000",SOLD_OUT,중고나라 회원,False,False,중고향수,2025-06-04,https://cafe.naver.com/ArticleRead.nhn?clubid=10050146&articleid=1107489355,1107489355
미용_향수,본투스탠드아웃 DRUNK LOVERS 50ml,"130,000",ESCROW,중고나라 회원,True,True,매그놀리아1,2025-06-04,https://cafe.naver.com/ArticleRead.nhn?clubid=10050146&articleid=1107489345,1107489345
미용_향수,폴로 랄프로렌 그린 59ml EDT 향수 / 21000원,"21,000",RESERVATION,중고나라 회원,False,True,중고향수,2025-06-04,https://cafe.naver.com/ArticleRead.nhn?clubid=10050146&articleid=1107489284,1107489284
